batch_id,variety_id,method,sow_date,ready_from,seeds_sown,seedlings_ready,seedlings_sold,seedlings_unsold,germination_rate,seed_cost_inr,raising_cost_inr
B00001,V01,Nursery bed,2023-11-30,2024-01-01,8053,5935,5400,535,0.737,4831.8,474.8
B00002,V01,Nursery bed,2023-12-31,2024-02-01,1450,1246,1100,146,0.86,870.0,99.68
B00003,V01,Nursery bed,2024-01-29,2024-03-01,2980,2285,2100,185,0.767,1788.0,182.8
B00004,V01,Nursery bed,2024-02-29,2024-04-01,34774,26077,24500,1577,0.75,20864.4,2086.16
B00005,V01,Nursery bed,2024-03-30,2024-05-01,38964,28978,26400,2578,0.744,23378.4,2318.24
B00006,V01,Nursery bed,2024-04-30,2024-06-01,79940,62353,56700,5653,0.78,47964.0,4988.24
B00007,V01,Nursery bed,2024-05-30,2024-07-01,80163,59427,54700,4727,0.741,48097.8,4754.16
B00008,V01,Nursery bed,2024-06-30,2024-08-01,96711,75645,71300,4345,0.782,58026.6,6051.6
B00009,V01,Nursery bed,2024-07-31,2024-09-01,88988,64696,56100,8596,0.727,53392.8,5175.68
B00010,V01,Nursery bed,2024-08-30,2024-10-01,39764,29742,27300,2442,0.748,23858.4,2379.36
B00011,V01,Nursery bed,2024-09-30,2024-11-01,18730,13748,12800,948,0.734,11238.0,1099.84
B00012,V01,Nursery bed,2024-10-30,2024-12-01,7549,6319,5400,919,0.837,4529.4,505.52
B00013,V01,Nursery bed,2024-11-30,2025-01-01,13165,10238,9500,738,0.778,7899.0,868.18
B00014,V01,Nursery bed,2024-12-31,2025-02-01,8826,7213,6700,513,0.817,5295.6,611.66
B00015,V01,Nursery bed,2025-02-28,2025-04-01,1957,1595,1400,195,0.815,1174.2,135.26
B00016,V01,Nursery bed,2025-03-30,2025-05-01,10806,8990,8300,690,0.832,6483.6,762.35
B00017,V01,Nursery bed,2025-04-30,2025-06-01,24915,19057,17600,1457,0.765,14949.0,1616.03
B00018,V01,Nursery bed,2025-05-30,2025-07-01,116890,94622,80400,14222,0.809,70134.0,8023.95
B00019,V01,Nursery bed,2025-06-30,2025-08-01,67976,52939,48400,4539,0.779,40785.6,4489.23
B00020,V01,Nursery bed,2025-07-31,2025-09-01,62103,49757,45400,4357,0.801,37261.8,4219.39
B00021,V01,Nursery bed,2025-08-30,2025-10-01,29237,21508,19300,2208,0.736,17542.2,1823.88
B00022,V01,Nursery bed,2025-09-30,2025-11-01,41103,32966,29800,3166,0.802,24661.8,2795.52
B00023,V01,Nursery bed,2025-10-30,2025-12-01,15964,13203,11600,1603,0.827,9578.4,1119.61
B00024,V01,Nursery bed,2025-12-31,2026-02-01,4788,3755,3200,555,0.784,2872.8,336.45
B00025,V01,Nursery bed,2026-01-28,2026-03-01,15861,12723,11600,1123,0.802,9516.6,1139.98
B00026,V01,Nursery bed,2026-02-28,2026-04-01,5862,4528,4300,228,0.773,3517.2,405.71
B00027,V01,Nursery bed,2026-03-30,2026-05-01,1410,1147,1000,147,0.814,846.0,102.77
B00028,V01,Nursery bed,2026-04-30,2026-06-01,87097,65429,56900,8529,0.751,52258.2,5862.44
B00029,V01,Nursery bed,2026-05-30,2026-07-01,86140,70191,66400,3791,0.815,51684.0,6289.11
B00030,V01,Nursery bed,2026-06-30,2026-08-01,129658,98176,83200,14976,0.757,77794.8,8796.57
B00031,V01,Pro-tray,2023-11-30,2024-01-01,12088,10644,9100,1544,0.881,7252.8,2980.32
B00032,V01,Pro-tray,2023-12-31,2024-02-01,2200,2061,1800,261,0.937,1320.0,577.08
B00033,V01,Pro-tray,2024-01-29,2024-03-01,6954,6390,5900,490,0.919,4172.4,1789.2
B00034,V01,Pro-tray,2024-02-29,2024-04-01,50320,44857,42420,2437,0.891,30192.0,12559.96
B00035,V01,Pro-tray,2024-03-30,2024-05-01,41890,38509,33070,5439,0.919,25134.0,10782.52
B00036,V01,Pro-tray,2024-04-30,2024-06-01,61643,54903,50780,4123,0.891,36985.8,15372.84
B00037,V01,Pro-tray,2024-05-30,2024-07-01,226507,201688,178330,23358,0.89,135904.2,56472.64
B00038,V01,Pro-tray,2024-06-30,2024-08-01,72960,68099,58740,9359,0.933,43776.0,19067.72
B00039,V01,Pro-tray,2024-07-31,2024-09-01,30470,27318,23940,3378,0.897,18282.0,7649.04
B00040,V01,Pro-tray,2024-08-30,2024-10-01,44391,40463,34330,6133,0.912,26634.6,11329.64
B00041,V01,Pro-tray,2024-09-30,2024-11-01,30819,28636,26930,1706,0.929,18491.4,8018.08
B00042,V01,Pro-tray,2024-10-30,2024-12-01,16920,15250,13400,1850,0.901,10152.0,4270.0
B00043,V01,Pro-tray,2024-11-30,2025-01-01,2371,2202,2000,202,0.929,1422.6,653.55
B00044,V01,Pro-tray,2024-12-31,2025-02-01,7938,7150,6600,550,0.901,4762.8,2122.12
B00045,V01,Pro-tray,2025-01-28,2025-03-01,3058,2760,2600,160,0.903,1834.8,819.17
B00046,V01,Pro-tray,2025-02-28,2025-04-01,19992,18103,16900,1203,0.906,11995.2,5372.97
B00047,V01,Pro-tray,2025-03-30,2025-05-01,56158,50285,46560,3725,0.895,33694.8,14924.59
B00048,V01,Pro-tray,2025-04-30,2025-06-01,112853,100671,90260,10411,0.892,67711.8,29879.15
B00049,V01,Pro-tray,2025-05-30,2025-07-01,85689,79382,68250,11132,0.926,51413.4,23560.58
B00050,V01,Pro-tray,2025-06-30,2025-08-01,112307,102947,97410,5537,0.917,67384.2,30554.67
B00051,V01,Pro-tray,2025-07-31,2025-09-01,105709,95458,85310,10148,0.903,63425.4,28331.93
B00052,V01,Pro-tray,2025-08-30,2025-10-01,25013,23266,21550,1716,0.93,15007.8,6905.35
B00053,V01,Pro-tray,2025-09-30,2025-11-01,30576,28524,24900,3624,0.933,18345.6,8465.92
B00054,V01,Pro-tray,2025-10-30,2025-12-01,21611,20150,17730,2420,0.932,12966.6,5980.52
B00055,V01,Pro-tray,2025-11-30,2026-01-01,15834,14191,12600,1591,0.896,9500.4,4450.3
B00056,V01,Pro-tray,2025-12-31,2026-02-01,28861,25955,22200,3755,0.899,17316.6,8139.49
B00057,V01,Pro-tray,2026-01-28,2026-03-01,7251,6407,5630,777,0.884,4350.6,2009.24
B00058,V01,Pro-tray,2026-02-28,2026-04-01,30100,28323,25900,2423,0.941,18060.0,8882.09
B00059,V01,Pro-tray,2026-03-30,2026-05-01,28460,25549,24000,1549,0.898,17076.0,8012.17
B00060,V01,Pro-tray,2026-04-30,2026-06-01,105770,96914,90190,6724,0.916,63462.0,30392.23
B00061,V01,Pro-tray,2026-05-30,2026-07-01,212548,195807,174140,21667,0.921,127528.8,61405.08
B00062,V01,Pro-tray,2026-06-30,2026-08-01,230813,205210,180020,25190,0.889,138487.8,64353.86
B00063,V02,Nursery bed,2023-11-30,2024-01-01,5660,4802,4100,702,0.848,3282.8,384.16
B00064,V02,Nursery bed,2024-01-29,2024-03-01,2500,1852,1600,252,0.741,1450.0,148.16
B00065,V02,Nursery bed,2024-02-29,2024-04-01,2565,2115,1800,315,0.825,1487.7,169.2
B00066,V02,Nursery bed,2024-03-30,2024-05-01,4623,3488,3100,388,0.754,2681.34,279.04
B00067,V02,Nursery bed,2024-04-30,2024-06-01,40046,31837,27500,4337,0.795,23226.68,2546.96
B00068,V02,Nursery bed,2024-05-30,2024-07-01,68553,50084,44800,5284,0.731,39760.74,4006.72
B00069,V02,Nursery bed,2024-06-30,2024-08-01,83940,65729,55800,9929,0.783,48685.2,5258.32
B00070,V02,Nursery bed,2024-07-31,2024-09-01,27706,23133,19700,3433,0.835,16069.48,1850.64
B00071,V02,Nursery bed,2024-08-30,2024-10-01,1059,865,800,65,0.817,614.22,69.2
B00072,V02,Nursery bed,2024-09-30,2024-11-01,6272,5098,4400,698,0.813,3637.76,407.84
B00073,V02,Nursery bed,2024-10-30,2024-12-01,19816,15086,13400,1686,0.761,11493.28,1206.88
B00074,V02,Nursery bed,2024-11-30,2025-01-01,5680,4170,3900,270,0.734,3294.4,353.62
B00075,V02,Nursery bed,2024-12-31,2025-02-01,2162,1677,1500,177,0.776,1253.96,142.21
B00076,V02,Nursery bed,2025-01-28,2025-03-01,5952,4642,4400,242,0.78,3452.16,393.64
B00077,V02,Nursery bed,2025-03-30,2025-05-01,33718,28084,25800,2284,0.833,19556.44,2381.52
B00078,V02,Nursery bed,2025-04-30,2025-06-01,14662,12431,11500,931,0.848,8503.96,1054.15
B00079,V02,Nursery bed,2025-05-30,2025-07-01,44622,36278,32700,3578,0.813,25880.76,3076.37
B00080,V02,Nursery bed,2025-06-30,2025-08-01,37180,26876,23800,3076,0.723,21564.4,2279.08
B00081,V02,Nursery bed,2025-07-31,2025-09-01,28015,20295,19200,1095,0.724,16248.7,1721.02
B00082,V02,Nursery bed,2025-08-30,2025-10-01,12346,10032,9000,1032,0.813,7160.68,850.71
B00083,V02,Nursery bed,2025-10-30,2025-12-01,27739,23398,21100,2298,0.844,16088.62,1984.15
B00084,V02,Nursery bed,2026-02-28,2026-04-01,1596,1369,1300,69,0.858,925.68,122.66
B00085,V02,Nursery bed,2026-03-30,2026-05-01,4701,3991,3700,291,0.849,2726.58,357.59
B00086,V02,Nursery bed,2026-04-30,2026-06-01,21921,16364,14700,1664,0.747,12714.18,1466.21
B00087,V02,Nursery bed,2026-05-30,2026-07-01,9482,7692,6800,892,0.811,5499.56,689.2
B00088,V02,Nursery bed,2026-06-30,2026-08-01,28194,21695,19200,2495,0.769,16352.52,1943.87
B00089,V02,Pro-tray,2023-11-30,2024-01-01,4845,4416,4100,316,0.912,2810.1,1236.48
B00090,V02,Pro-tray,2024-01-29,2024-03-01,7074,6243,5500,743,0.883,4102.92,1748.04
B00091,V02,Pro-tray,2024-02-29,2024-04-01,8712,8032,7200,832,0.922,5052.96,2248.96
B00092,V02,Pro-tray,2024-03-30,2024-05-01,27534,25100,22500,2600,0.912,15969.72,7028.0
B00093,V02,Pro-tray,2024-04-30,2024-06-01,22019,19550,17170,2380,0.888,12771.02,5474.0
B00094,V02,Pro-tray,2024-05-30,2024-07-01,47910,45045,42300,2745,0.94,27787.8,12612.6
B00095,V02,Pro-tray,2024-06-30,2024-08-01,33113,30925,28000,2925,0.934,19205.54,8659.0
B00096,V02,Pro-tray,2024-07-31,2024-09-01,63677,59549,53380,6169,0.935,36932.66,16673.72
B00097,V02,Pro-tray,2024-08-30,2024-10-01,10598,9490,8600,890,0.896,6146.84,2657.2
B00098,V02,Pro-tray,2024-09-30,2024-11-01,9002,7998,7600,398,0.889,5221.16,2239.44
B00099,V02,Pro-tray,2024-10-30,2024-12-01,8391,7402,6300,1102,0.882,4866.78,2072.56
B00100,V02,Pro-tray,2024-12-31,2025-02-01,2224,2111,2000,111,0.949,1289.92,626.54
B00101,V02,Pro-tray,2025-01-28,2025-03-01,6108,5456,4900,556,0.893,3542.64,1619.34
B00102,V02,Pro-tray,2025-02-28,2025-04-01,1276,1180,1100,80,0.925,740.08,350.22
B00103,V02,Pro-tray,2025-03-30,2025-05-01,28893,25855,23150,2705,0.895,16757.94,7673.76
B00104,V02,Pro-tray,2025-04-30,2025-06-01,36618,32350,28900,3450,0.883,21238.44,9601.48
B00105,V02,Pro-tray,2025-05-30,2025-07-01,33281,31344,26600,4744,0.942,19302.98,9302.9
B00106,V02,Pro-tray,2025-06-30,2025-08-01,25521,23424,21330,2094,0.918,14802.18,6952.24
B00107,V02,Pro-tray,2025-07-31,2025-09-01,36500,34084,29200,4884,0.934,21170.0,10116.13
B00108,V02,Pro-tray,2025-08-30,2025-10-01,16502,15079,13000,2079,0.914,9571.16,4475.45
B00109,V02,Pro-tray,2025-09-30,2025-11-01,8773,7982,7200,782,0.91,5088.34,2369.06
B00110,V02,Pro-tray,2025-10-30,2025-12-01,3606,3319,3000,319,0.92,2091.48,985.08
B00111,V02,Pro-tray,2025-11-30,2026-01-01,779,699,600,99,0.898,451.82,219.21
B00112,V02,Pro-tray,2025-12-31,2026-02-01,4855,4596,4100,496,0.947,2815.9,1441.31
B00113,V02,Pro-tray,2026-01-28,2026-03-01,21356,19972,18500,1472,0.935,12386.48,6263.22
B00114,V02,Pro-tray,2026-02-28,2026-04-01,10273,9539,8750,789,0.929,5958.34,2991.43
B00115,V02,Pro-tray,2026-03-30,2026-05-01,67772,60456,54300,6156,0.892,39307.76,18959.0
B00116,V02,Pro-tray,2026-04-30,2026-06-01,56014,49412,45420,3992,0.882,32488.12,15495.6
B00117,V02,Pro-tray,2026-05-30,2026-07-01,49527,44360,39800,4560,0.896,28725.66,13911.3
B00118,V02,Pro-tray,2026-06-30,2026-08-01,40702,37231,32700,4531,0.915,23607.16,11675.64
B00119,V03,Nursery bed,2023-11-29,2024-01-01,2555,1883,1700,183,0.737,1737.4,150.64
B00120,V03,Nursery bed,2023-12-30,2024-02-01,4609,3347,2900,447,0.726,3134.12,267.76
B00121,V03,Nursery bed,2024-01-28,2024-03-01,19532,16504,14000,2504,0.845,13281.76,1320.32
B00122,V03,Nursery bed,2024-02-28,2024-04-01,5417,4294,3700,594,0.793,3683.56,343.52
B00123,V03,Nursery bed,2024-03-29,2024-05-01,33626,26372,24500,1872,0.784,22865.68,2109.76
B00124,V03,Nursery bed,2024-04-29,2024-06-01,48173,40342,38200,2142,0.837,32757.64,3227.36
B00125,V03,Nursery bed,2024-05-29,2024-07-01,54709,43940,37500,6440,0.803,37202.12,3515.2
B00126,V03,Nursery bed,2024-06-29,2024-08-01,67143,50893,47000,3893,0.758,45657.24,4071.44
B00127,V03,Nursery bed,2024-07-30,2024-09-01,43119,31678,28400,3278,0.735,29320.92,2534.24
B00128,V03,Nursery bed,2024-08-29,2024-10-01,8141,6587,5900,687,0.809,5535.88,526.96
B00129,V03,Nursery bed,2024-09-29,2024-11-01,18592,14266,12900,1366,0.767,12642.56,1141.28
B00130,V03,Nursery bed,2024-10-29,2024-12-01,4065,3401,2900,501,0.837,2764.2,272.08
B00131,V03,Nursery bed,2024-12-30,2025-02-01,1480,1133,1000,133,0.766,1006.4,96.08
B00132,V03,Nursery bed,2025-01-27,2025-03-01,14911,12457,11000,1457,0.835,10139.48,1056.35
B00133,V03,Nursery bed,2025-02-27,2025-04-01,39564,33408,29400,4008,0.844,26903.52,2833.0
B00134,V03,Nursery bed,2025-03-29,2025-05-01,24825,18732,16600,2132,0.755,16881.0,1588.47
B00135,V03,Nursery bed,2025-04-29,2025-06-01,29743,23741,21700,2041,0.798,20225.24,2013.24
B00136,V03,Nursery bed,2025-05-29,2025-07-01,45451,33241,28700,4541,0.731,30906.68,2818.84
B00137,V03,Nursery bed,2025-06-29,2025-08-01,55671,46258,43900,2358,0.831,37856.28,3922.68
B00138,V03,Nursery bed,2025-07-30,2025-09-01,22664,18619,16400,2219,0.822,15411.52,1578.89
B00139,V03,Nursery bed,2025-08-29,2025-10-01,4786,3689,3200,489,0.771,3254.48,312.83
B00140,V03,Nursery bed,2025-09-29,2025-11-01,5283,4416,3800,616,0.836,3592.44,374.48
B00141,V03,Nursery bed,2025-10-29,2025-12-01,2257,1649,1500,149,0.731,1534.76,139.84
B00142,V03,Nursery bed,2025-11-29,2026-01-01,12016,8702,7600,1102,0.724,8170.88,779.7
B00143,V03,Nursery bed,2026-01-27,2026-03-01,9280,7229,6300,929,0.779,6310.4,647.72
B00144,V03,Nursery bed,2026-02-27,2026-04-01,21779,18102,17100,1002,0.831,14809.72,1621.94
B00145,V03,Nursery bed,2026-03-29,2026-05-01,4448,3790,3400,390,0.852,3024.64,339.58
B00146,V03,Nursery bed,2026-04-29,2026-06-01,37073,31712,29700,2012,0.855,25209.64,2841.4
B00147,V03,Nursery bed,2026-05-29,2026-07-01,24527,18863,17000,1863,0.769,16678.36,1690.12
B00148,V03,Nursery bed,2026-06-29,2026-08-01,76814,65415,61500,3915,0.852,52233.52,5861.18
B00149,V03,Pro-tray,2023-11-29,2024-01-01,3836,3522,3300,222,0.918,2608.48,986.16
B00150,V03,Pro-tray,2024-01-28,2024-03-01,1892,1694,1500,194,0.896,1286.56,474.32
B00151,V03,Pro-tray,2024-02-28,2024-04-01,5802,5219,4800,419,0.9,3945.36,1461.32
B00152,V03,Pro-tray,2024-03-29,2024-05-01,9721,9010,7800,1210,0.927,6610.28,2522.8
B00153,V03,Pro-tray,2024-04-29,2024-06-01,69959,61730,57200,4530,0.882,47572.12,17284.4
B00154,V03,Pro-tray,2024-05-29,2024-07-01,152542,139861,119720,20141,0.917,103728.56,39161.08
B00155,V03,Pro-tray,2024-06-29,2024-08-01,34382,31148,28640,2508,0.906,23379.76,8721.44
B00156,V03,Pro-tray,2024-07-30,2024-09-01,16732,14834,13770,1064,0.887,11377.76,4153.52
B00157,V03,Pro-tray,2024-08-29,2024-10-01,8530,7803,7170,633,0.915,5800.4,2184.84
B00158,V03,Pro-tray,2024-09-29,2024-11-01,2601,2397,2200,197,0.922,1768.68,671.16
B00159,V03,Pro-tray,2024-10-29,2024-12-01,24404,21882,19300,2582,0.897,16594.72,6126.96
B00160,V03,Pro-tray,2024-11-29,2025-01-01,3268,3041,2600,441,0.931,2222.24,902.57
B00161,V03,Pro-tray,2024-12-30,2025-02-01,12248,11263,9600,1663,0.92,8328.64,3342.86
B00162,V03,Pro-tray,2025-01-27,2025-03-01,50742,45421,40600,4821,0.895,34504.56,13480.95
B00163,V03,Pro-tray,2025-02-27,2025-04-01,27519,25105,22020,3085,0.912,18712.92,7451.16
B00164,V03,Pro-tray,2025-03-29,2025-05-01,30954,27741,26000,1741,0.896,21048.72,8233.53
B00165,V03,Pro-tray,2025-04-29,2025-06-01,80035,72888,64020,8868,0.911,54423.8,21633.16
B00166,V03,Pro-tray,2025-05-29,2025-07-01,81141,75482,66350,9132,0.93,55175.88,22403.06
B00167,V03,Pro-tray,2025-06-29,2025-08-01,44090,40798,38100,2698,0.925,29981.2,12108.85
B00168,V03,Pro-tray,2025-07-30,2025-09-01,51496,48170,42900,5270,0.935,35017.28,14296.86
B00169,V03,Pro-tray,2025-08-29,2025-10-01,18744,16584,15310,1274,0.885,12745.92,4922.13
B00170,V03,Pro-tray,2025-09-29,2025-11-01,26012,23374,21900,1474,0.899,17688.16,6937.4
B00171,V03,Pro-tray,2025-10-29,2025-12-01,6552,5830,5000,830,0.89,4455.36,1730.34
B00172,V03,Pro-tray,2025-11-29,2026-01-01,11991,10929,9900,1029,0.911,8153.88,3427.33
B00173,V03,Pro-tray,2025-12-30,2026-02-01,4452,4170,3800,370,0.937,3027.36,1307.71
B00174,V03,Pro-tray,2026-01-27,2026-03-01,7519,6784,6300,484,0.902,5112.92,2127.46
B00175,V03,Pro-tray,2026-02-27,2026-04-01,13114,11620,10800,820,0.886,8917.52,3644.03
B00176,V03,Pro-tray,2026-03-29,2026-05-01,30598,28679,25530,3149,0.937,20806.64,8993.73
B00177,V03,Pro-tray,2026-04-29,2026-06-01,77891,71752,65360,6392,0.921,52965.88,22501.43
B00178,V03,Pro-tray,2026-05-29,2026-07-01,92689,84755,74630,10125,0.914,63028.52,26579.17
B00179,V03,Pro-tray,2026-06-29,2026-08-01,74543,67770,62000,5770,0.909,50689.24,21252.67
B00180,V04,Nursery bed,2023-12-30,2024-02-01,1000,755,700,55,0.755,700.0,60.4
B00181,V04,Nursery bed,2024-04-29,2024-06-01,1856,1484,1400,84,0.8,1299.2,118.72
B00182,V04,Nursery bed,2024-06-29,2024-08-01,17610,13073,11600,1473,0.742,12327.0,1045.84
B00183,V04,Nursery bed,2024-07-30,2024-09-01,10677,8893,8200,693,0.833,7473.9,711.44
B00184,V04,Nursery bed,2024-10-29,2024-12-01,4571,3297,2900,397,0.721,3199.7,263.76
B00185,V04,Nursery bed,2024-11-29,2025-01-01,5726,4155,3800,355,0.726,4008.2,352.34
B00186,V04,Nursery bed,2025-01-27,2025-03-01,735,575,500,75,0.783,514.5,48.76
B00187,V04,Nursery bed,2025-02-27,2025-04-01,3334,2761,2500,261,0.828,2333.8,234.13
B00188,V04,Nursery bed,2025-03-29,2025-05-01,9923,8358,7600,758,0.842,6946.1,708.76
B00189,V04,Nursery bed,2025-04-29,2025-06-01,1402,1102,1000,102,0.786,981.4,93.45
B00190,V04,Nursery bed,2025-05-29,2025-07-01,25284,20396,18500,1896,0.807,17698.8,1729.58
B00191,V04,Nursery bed,2025-06-29,2025-08-01,7771,6608,5700,908,0.85,5439.7,560.36
B00192,V04,Nursery bed,2025-07-30,2025-09-01,15774,12217,11600,617,0.775,11041.8,1036.0
B00193,V04,Nursery bed,2025-08-29,2025-10-01,4890,3894,3600,294,0.796,3423.0,330.21
B00194,V04,Nursery bed,2025-10-29,2025-12-01,11463,8767,7900,867,0.765,8024.1,743.44
B00195,V04,Nursery bed,2025-12-30,2026-02-01,19704,16406,14300,2106,0.833,13792.8,1469.98
B00196,V04,Nursery bed,2026-01-27,2026-03-01,28401,22665,19800,2865,0.798,19880.7,2030.78
B00197,V04,Nursery bed,2026-02-27,2026-04-01,14164,10807,9700,1107,0.763,9914.8,968.31
B00198,V04,Nursery bed,2026-03-29,2026-05-01,8687,6341,6000,341,0.73,6080.9,568.15
B00199,V04,Nursery bed,2026-04-29,2026-06-01,61210,45447,39600,5847,0.742,42847.0,4072.05
B00200,V04,Nursery bed,2026-05-29,2026-07-01,61898,52557,46500,6057,0.849,43328.6,4709.11
B00201,V04,Nursery bed,2026-06-29,2026-08-01,73720,53497,47300,6197,0.726,51604.0,4793.33
B00202,V04,Pro-tray,2024-02-28,2024-04-01,4144,3726,3200,526,0.899,2900.8,1043.28
B00203,V04,Pro-tray,2024-03-29,2024-05-01,10958,10203,9300,903,0.931,7670.6,2856.84
B00204,V04,Pro-tray,2024-04-29,2024-06-01,6905,6289,5500,789,0.911,4833.5,1760.92
B00205,V04,Pro-tray,2024-06-29,2024-08-01,2651,2505,2300,205,0.945,1855.7,701.4
B00206,V04,Pro-tray,2024-07-30,2024-09-01,3539,3305,2900,405,0.934,2477.3,925.4
B00207,V04,Pro-tray,2024-08-29,2024-10-01,3380,3031,2800,231,0.897,2366.0,848.68
B00208,V04,Pro-tray,2025-01-27,2025-03-01,720,644,600,44,0.895,504.0,191.14
B00209,V04,Pro-tray,2025-02-27,2025-04-01,10411,9388,8800,588,0.902,7287.7,2786.36
B00210,V04,Pro-tray,2025-03-29,2025-05-01,1162,1043,950,93,0.898,813.4,309.56
B00211,V04,Pro-tray,2025-04-29,2025-06-01,25424,23363,21110,2253,0.919,17796.8,6934.14
B00212,V04,Pro-tray,2025-05-29,2025-07-01,38274,34532,32420,2112,0.902,26791.8,10249.1
B00213,V04,Pro-tray,2025-06-29,2025-08-01,35436,32574,28100,4474,0.919,24805.2,9667.96
B00214,V04,Pro-tray,2025-07-30,2025-09-01,31775,29329,26100,3229,0.923,22242.5,8704.85
B00215,V04,Pro-tray,2025-08-29,2025-10-01,9133,8282,7400,882,0.907,6393.1,2458.1
B00216,V04,Pro-tray,2025-09-29,2025-11-01,47996,44490,40900,3590,0.927,33597.2,13204.63
B00217,V04,Pro-tray,2025-10-29,2025-12-01,3560,3370,3200,170,0.947,2492.0,1000.22
B00218,V04,Pro-tray,2025-11-29,2026-01-01,2608,2356,2000,356,0.903,1825.6,738.84
B00219,V04,Pro-tray,2025-12-30,2026-02-01,5418,5075,4800,275,0.937,3792.6,1591.52
B00220,V04,Pro-tray,2026-01-27,2026-03-01,6735,6096,5350,746,0.905,4714.5,1911.71
B00221,V04,Pro-tray,2026-02-27,2026-04-01,21554,19798,16900,2898,0.919,15087.8,6208.65
B00222,V04,Pro-tray,2026-03-29,2026-05-01,19068,17832,15700,2132,0.935,13347.6,5592.12
B00223,V04,Pro-tray,2026-04-29,2026-06-01,96868,89347,75730,13617,0.922,67807.6,28019.22
B00224,V04,Pro-tray,2026-05-29,2026-07-01,95129,87057,82860,4197,0.915,66590.3,27301.08
B00225,V04,Pro-tray,2026-06-29,2026-08-01,70858,66037,59060,6977,0.932,49600.6,20709.2
B00226,V05,Nursery bed,2023-11-30,2024-01-01,1456,1220,1100,120,0.838,902.72,97.6
B00227,V05,Nursery bed,2024-01-29,2024-03-01,7949,5904,5200,704,0.743,4928.38,472.32
B00228,V05,Nursery bed,2024-02-29,2024-04-01,2130,1806,1700,106,0.848,1320.6,144.48
B00229,V05,Nursery bed,2024-03-30,2024-05-01,9995,7450,6900,550,0.745,6196.9,596.0
B00230,V05,Nursery bed,2024-04-30,2024-06-01,30674,22689,20200,2489,0.74,19017.88,1815.12
B00231,V05,Nursery bed,2024-05-30,2024-07-01,46108,33691,28600,5091,0.731,28586.96,2695.28
B00232,V05,Nursery bed,2024-06-30,2024-08-01,30546,22715,21500,1215,0.744,18938.52,1817.2
B00233,V05,Nursery bed,2024-07-31,2024-09-01,11892,9118,8200,918,0.767,7373.04,729.44
B00234,V05,Nursery bed,2024-08-30,2024-10-01,9876,8251,7300,951,0.836,6123.12,660.08
B00235,V05,Nursery bed,2024-09-30,2024-11-01,19017,16310,14800,1510,0.858,11790.54,1304.8
B00236,V05,Nursery bed,2024-10-30,2024-12-01,1595,1169,1000,169,0.733,988.9,93.52
B00237,V05,Nursery bed,2024-11-30,2025-01-01,1536,1229,1100,129,0.8,952.32,104.22
B00238,V05,Nursery bed,2024-12-31,2025-02-01,3979,3116,2900,216,0.783,2466.98,264.24
B00239,V05,Nursery bed,2025-02-28,2025-04-01,13452,10378,9500,878,0.771,8340.24,880.05
B00240,V05,Nursery bed,2025-03-30,2025-05-01,34128,26278,24200,2078,0.77,21159.36,2228.37
B00241,V05,Nursery bed,2025-04-30,2025-06-01,25421,20084,17500,2584,0.79,15761.02,1703.12
B00242,V05,Nursery bed,2025-05-30,2025-07-01,22070,18856,17700,1156,0.854,13683.4,1598.99
B00243,V05,Nursery bed,2025-06-30,2025-08-01,35984,30326,27700,2626,0.843,22310.08,2571.64
B00244,V05,Nursery bed,2025-07-31,2025-09-01,14647,11609,10900,709,0.793,9081.14,984.44
B00245,V05,Nursery bed,2025-08-30,2025-10-01,9385,6937,6000,937,0.739,5818.7,588.26
B00246,V05,Nursery bed,2025-09-30,2025-11-01,6555,5191,4800,391,0.792,4064.1,440.2
B00247,V05,Nursery bed,2025-12-31,2026-02-01,1232,1046,900,146,0.849,763.84,93.72
B00248,V05,Nursery bed,2026-02-28,2026-04-01,9608,7427,6900,527,0.773,5956.96,665.46
B00249,V05,Nursery bed,2026-03-30,2026-05-01,11110,8551,7500,1051,0.77,6888.2,766.17
B00250,V05,Nursery bed,2026-04-30,2026-06-01,24975,19124,17200,1924,0.766,15484.5,1713.51
B00251,V05,Nursery bed,2026-05-30,2026-07-01,16361,13954,11900,2054,0.853,10143.82,1250.28
B00252,V05,Nursery bed,2026-06-30,2026-08-01,43044,33725,28900,4825,0.784,26687.28,3021.76
B00253,V05,Pro-tray,2023-11-30,2024-01-01,10182,9235,8300,935,0.907,6312.84,2585.8
B00254,V05,Pro-tray,2024-01-29,2024-03-01,4717,4221,3900,321,0.895,2924.54,1181.88
B00255,V05,Pro-tray,2024-02-29,2024-04-01,112,104,90,14,0.929,69.44,29.12
B00256,V05,Pro-tray,2024-03-30,2024-05-01,26239,24138,21300,2838,0.92,16268.18,6758.64
B00257,V05,Pro-tray,2024-04-30,2024-06-01,24722,22293,19100,3193,0.902,15327.64,6242.04
B00258,V05,Pro-tray,2024-05-30,2024-07-01,30693,28496,24500,3996,0.928,19029.66,7978.88
B00259,V05,Pro-tray,2024-06-30,2024-08-01,39606,36994,33300,3694,0.934,24555.72,10358.32
B00260,V05,Pro-tray,2024-07-31,2024-09-01,9644,8941,8370,571,0.927,5979.28,2503.48
B00261,V05,Pro-tray,2024-08-30,2024-10-01,27277,24701,21900,2801,0.906,16911.74,6916.28
B00262,V05,Pro-tray,2024-09-30,2024-11-01,1297,1157,1000,157,0.892,804.14,323.96
B00263,V05,Pro-tray,2024-10-30,2024-12-01,14706,13330,11400,1930,0.906,9117.72,3732.4
B00264,V05,Pro-tray,2024-11-30,2025-01-01,7290,6837,6300,537,0.938,4519.8,2029.22
B00265,V05,Pro-tray,2025-01-28,2025-03-01,1924,1694,1600,94,0.881,1192.88,502.78
B00266,V05,Pro-tray,2025-02-28,2025-04-01,2458,2176,2000,176,0.886,1523.96,645.84
B00267,V05,Pro-tray,2025-03-30,2025-05-01,9199,8108,7300,808,0.881,5703.38,2406.45
B00268,V05,Pro-tray,2025-04-30,2025-06-01,53413,49183,42700,6483,0.921,33116.06,14597.51
B00269,V05,Pro-tray,2025-05-30,2025-07-01,84461,79591,75550,4041,0.942,52365.82,23622.61
B00270,V05,Pro-tray,2025-06-30,2025-08-01,74167,70375,62590,7785,0.949,45983.54,20887.3
B00271,V05,Pro-tray,2025-07-31,2025-09-01,65294,60438,56000,4438,0.926,40482.28,17938.0
B00272,V05,Pro-tray,2025-08-30,2025-10-01,14242,13006,11880,1126,0.913,8830.04,3860.18
B00273,V05,Pro-tray,2025-09-30,2025-11-01,24776,22503,20500,2003,0.908,15361.12,6678.89
B00274,V05,Pro-tray,2025-10-30,2025-12-01,2085,1858,1700,158,0.892,1292.7,551.45
B00275,V05,Pro-tray,2025-11-30,2026-01-01,2215,2063,1900,163,0.932,1373.3,646.96
B00276,V05,Pro-tray,2025-12-31,2026-02-01,1193,1111,1000,111,0.932,739.66,348.41
B00277,V05,Pro-tray,2026-01-28,2026-03-01,1505,1426,1300,126,0.948,933.1,447.19
B00278,V05,Pro-tray,2026-02-28,2026-04-01,5799,5494,5200,294,0.947,3595.38,1722.92
B00279,V05,Pro-tray,2026-03-30,2026-05-01,5744,5094,4700,394,0.887,3561.28,1597.48
B00280,V05,Pro-tray,2026-04-30,2026-06-01,51579,48573,42410,6163,0.942,31978.98,15232.49
B00281,V05,Pro-tray,2026-05-30,2026-07-01,48589,43689,41570,2119,0.899,30125.18,13700.87
B00282,V05,Pro-tray,2026-06-30,2026-08-01,40399,37870,32620,5250,0.937,25047.38,11876.03
B00283,V06,Nursery bed,2023-12-01,2024-01-01,4317,3265,3100,165,0.756,1813.14,261.2
B00284,V06,Nursery bed,2024-01-01,2024-02-01,2439,2087,1900,187,0.856,1024.38,166.96
B00285,V06,Nursery bed,2024-03-01,2024-04-01,12511,9406,8000,1406,0.752,5254.62,752.48
B00286,V06,Nursery bed,2024-03-31,2024-05-01,11969,9861,9200,661,0.824,5026.98,788.88
B00287,V06,Nursery bed,2024-05-01,2024-06-01,45231,35465,32100,3365,0.784,18997.02,2837.2
B00288,V06,Nursery bed,2024-05-31,2024-07-01,74884,58021,51000,7021,0.775,31451.28,4641.68
B00289,V06,Nursery bed,2024-07-01,2024-08-01,97512,71976,65000,6976,0.738,40955.04,5758.08
B00290,V06,Nursery bed,2024-08-01,2024-09-01,31279,24882,22000,2882,0.795,13137.18,1990.56
B00291,V06,Nursery bed,2024-08-31,2024-10-01,18286,13550,11700,1850,0.741,7680.12,1084.0
B00292,V06,Nursery bed,2024-10-01,2024-11-01,4712,3759,3200,559,0.798,1979.04,300.72
B00293,V06,Nursery bed,2024-10-31,2024-12-01,19245,14846,12700,2146,0.771,8082.9,1187.68
B00294,V06,Nursery bed,2024-12-01,2025-01-01,1444,1059,900,159,0.734,606.48,89.8
B00295,V06,Nursery bed,2025-01-29,2025-03-01,5208,4316,3900,416,0.829,2187.36,366.0
B00296,V06,Nursery bed,2025-03-31,2025-05-01,13593,9931,8600,1331,0.731,5709.06,842.15
B00297,V06,Nursery bed,2025-05-01,2025-06-01,27616,21514,19000,2514,0.779,11598.72,1824.39
B00298,V06,Nursery bed,2025-05-31,2025-07-01,31774,24828,23000,1828,0.781,13345.08,2105.41
B00299,V06,Nursery bed,2025-07-01,2025-08-01,61258,44781,38000,6781,0.731,25728.36,3797.43
B00300,V06,Nursery bed,2025-08-01,2025-09-01,51644,39025,35200,3825,0.756,21690.48,3309.32
B00301,V06,Nursery bed,2025-08-31,2025-10-01,7919,6334,5500,834,0.8,3325.98,537.12
B00302,V06,Nursery bed,2025-10-01,2025-11-01,18042,13682,11900,1782,0.758,7577.64,1160.23
B00303,V06,Nursery bed,2025-12-01,2026-01-01,8624,6360,5500,860,0.738,3622.08,569.86
B00304,V06,Nursery bed,2026-01-01,2026-02-01,3173,2686,2300,386,0.847,1332.66,240.67
B00305,V06,Nursery bed,2026-01-29,2026-03-01,4301,3122,2800,322,0.726,1806.42,279.73
B00306,V06,Nursery bed,2026-03-01,2026-04-01,10104,8533,7400,1133,0.845,4243.68,764.56
B00307,V06,Nursery bed,2026-03-31,2026-05-01,950,801,700,101,0.843,399.0,71.77
B00308,V06,Nursery bed,2026-05-01,2026-06-01,12353,10367,9800,567,0.839,5188.26,928.88
B00309,V06,Nursery bed,2026-05-31,2026-07-01,47131,35239,30800,4439,0.748,19795.02,3157.41
B00310,V06,Nursery bed,2026-07-01,2026-08-01,26655,22228,20700,1528,0.834,11195.1,1991.63
B00311,V06,Pro-tray,2023-12-01,2024-01-01,6459,6047,5600,447,0.936,2712.78,1693.16
B00312,V06,Pro-tray,2024-01-01,2024-02-01,2774,2570,2300,270,0.927,1165.08,719.6
B00313,V06,Pro-tray,2024-01-30,2024-03-01,3910,3651,3300,351,0.934,1642.2,1022.28
B00314,V06,Pro-tray,2024-03-01,2024-04-01,14362,12842,11100,1742,0.894,6032.04,3595.76
B00315,V06,Pro-tray,2024-03-31,2024-05-01,8501,8032,7100,932,0.945,3570.42,2248.96
B00316,V06,Pro-tray,2024-05-01,2024-06-01,50845,47821,45420,2401,0.941,21354.9,13389.88
B00317,V06,Pro-tray,2024-05-31,2024-07-01,39540,36304,33000,3304,0.918,16606.8,10165.12
B00318,V06,Pro-tray,2024-07-01,2024-08-01,66120,61478,56260,5218,0.93,27770.4,17213.84
B00319,V06,Pro-tray,2024-08-01,2024-09-01,35705,31454,28300,3154,0.881,14996.1,8807.12
B00320,V06,Pro-tray,2024-08-31,2024-10-01,17043,15707,13800,1907,0.922,7158.06,4397.96
B00321,V06,Pro-tray,2024-10-01,2024-11-01,6037,5664,4800,864,0.938,2535.54,1585.92
B00322,V06,Pro-tray,2024-10-31,2024-12-01,2453,2289,2100,189,0.933,1030.26,640.92
B00323,V06,Pro-tray,2024-12-01,2025-01-01,8184,7740,6800,940,0.946,3437.28,2297.23
B00324,V06,Pro-tray,2025-01-01,2025-02-01,1524,1436,1300,136,0.943,640.08,426.2
B00325,V06,Pro-tray,2025-01-29,2025-03-01,2943,2619,2300,319,0.89,1236.06,777.32
B00326,V06,Pro-tray,2025-03-01,2025-04-01,15693,13958,12000,1958,0.889,6591.06,4142.73
B00327,V06,Pro-tray,2025-03-31,2025-05-01,10299,9525,8600,925,0.925,4325.58,2827.02
B00328,V06,Pro-tray,2025-05-01,2025-06-01,48792,43376,39920,3456,0.889,20492.64,12874.0
B00329,V06,Pro-tray,2025-05-31,2025-07-01,64103,57679,54620,3059,0.9,26923.26,17119.13
B00330,V06,Pro-tray,2025-07-01,2025-08-01,75518,67228,59540,7688,0.89,31717.56,19953.27
B00331,V06,Pro-tray,2025-08-01,2025-09-01,20151,17786,16000,1786,0.883,8463.42,5278.88
B00332,V06,Pro-tray,2025-08-31,2025-10-01,11694,10778,9960,818,0.922,4911.48,3198.91
B00333,V06,Pro-tray,2025-10-01,2025-11-01,13671,12982,11700,1282,0.95,5741.82,3853.06
B00334,V06,Pro-tray,2025-10-31,2025-12-01,4512,4208,3900,308,0.933,1895.04,1248.93
B00335,V06,Pro-tray,2026-01-01,2026-02-01,4444,3921,3700,221,0.882,1866.48,1229.63
B00336,V06,Pro-tray,2026-01-29,2026-03-01,9318,8390,7700,690,0.9,3913.56,2631.1
B00337,V06,Pro-tray,2026-03-01,2026-04-01,25337,22636,20700,1936,0.893,10641.54,7098.65
B00338,V06,Pro-tray,2026-03-31,2026-05-01,21823,19390,16640,2750,0.889,9165.66,6080.7
B00339,V06,Pro-tray,2026-05-01,2026-06-01,57464,51792,45230,6562,0.901,24134.88,16241.97
B00340,V06,Pro-tray,2026-05-31,2026-07-01,109783,103635,88450,15185,0.944,46108.86,32499.94
B00341,V06,Pro-tray,2026-07-01,2026-08-01,55785,51301,46960,4341,0.92,23429.7,16087.99
B00342,V07,Nursery bed,2024-01-01,2024-02-01,1113,942,800,142,0.847,445.2,75.36
B00343,V07,Nursery bed,2024-01-30,2024-03-01,4500,3714,3300,414,0.825,1800.0,297.12
B00344,V07,Nursery bed,2024-03-01,2024-04-01,20095,14936,13200,1736,0.743,8038.0,1194.88
B00345,V07,Nursery bed,2024-03-31,2024-05-01,2139,1610,1500,110,0.753,855.6,128.8
B00346,V07,Nursery bed,2024-05-01,2024-06-01,36919,28652,26000,2652,0.776,14767.6,2292.16
B00347,V07,Nursery bed,2024-05-31,2024-07-01,86907,68753,62500,6253,0.791,34762.8,5500.24
B00348,V07,Nursery bed,2024-07-01,2024-08-01,33135,24033,21600,2433,0.725,13254.0,1922.64
B00349,V07,Nursery bed,2024-08-01,2024-09-01,19075,14537,12900,1637,0.762,7630.0,1162.96
B00350,V07,Nursery bed,2024-08-31,2024-10-01,9488,7388,6700,688,0.779,3795.2,591.04
B00351,V07,Nursery bed,2024-10-01,2024-11-01,6963,5847,5100,747,0.84,2785.2,467.76
B00352,V07,Nursery bed,2024-10-31,2024-12-01,1091,906,800,106,0.831,436.4,72.48
B00353,V07,Nursery bed,2024-12-01,2025-01-01,15038,12680,11200,1480,0.843,6015.2,1075.26
B00354,V07,Nursery bed,2025-01-29,2025-03-01,14327,10373,9300,1073,0.724,5730.8,879.63
B00355,V07,Nursery bed,2025-03-01,2025-04-01,4371,3498,3000,498,0.8,1748.4,296.63
B00356,V07,Nursery bed,2025-03-31,2025-05-01,10096,7998,7400,598,0.792,4038.4,678.23
B00357,V07,Nursery bed,2025-05-01,2025-06-01,25965,20332,18400,1932,0.783,10386.0,1724.15
B00358,V07,Nursery bed,2025-05-31,2025-07-01,46751,37305,34400,2905,0.798,18700.4,3163.46
B00359,V07,Nursery bed,2025-07-01,2025-08-01,20089,15392,13100,2292,0.766,8035.6,1305.24
B00360,V07,Nursery bed,2025-08-01,2025-09-01,25315,19957,17200,2757,0.788,10126.0,1692.35
B00361,V07,Nursery bed,2025-08-31,2025-10-01,9194,7857,6800,1057,0.855,3677.6,666.27
B00362,V07,Nursery bed,2025-10-01,2025-11-01,4580,3551,3300,251,0.775,1832.0,301.12
B00363,V07,Nursery bed,2025-10-31,2025-12-01,3938,3278,2900,378,0.833,1575.2,277.97
B00364,V07,Nursery bed,2025-12-01,2026-01-01,1210,925,800,125,0.765,484.0,82.88
B00365,V07,Nursery bed,2026-01-01,2026-02-01,3740,2994,2600,394,0.801,1496.0,268.26
B00366,V07,Nursery bed,2026-01-29,2026-03-01,9712,7682,6800,882,0.791,3884.8,688.31
B00367,V07,Nursery bed,2026-03-31,2026-05-01,14911,11498,10500,998,0.771,5964.4,1030.22
B00368,V07,Nursery bed,2026-05-01,2026-06-01,33761,27714,25200,2514,0.821,13504.4,2483.17
B00369,V07,Nursery bed,2026-05-31,2026-07-01,59290,46055,42300,3755,0.777,23716.0,4126.53
B00370,V07,Nursery bed,2026-07-01,2026-08-01,18796,15629,13500,2129,0.832,7518.4,1400.36
B00371,V07,Pro-tray,2023-12-01,2024-01-01,896,798,700,98,0.891,358.4,223.44
B00372,V07,Pro-tray,2024-01-30,2024-03-01,4823,4327,4000,327,0.897,1929.2,1211.56
B00373,V07,Pro-tray,2024-03-01,2024-04-01,5846,5222,4840,382,0.893,2338.4,1462.16
B00374,V07,Pro-tray,2024-03-31,2024-05-01,5635,5114,4700,414,0.908,2254.0,1431.92
B00375,V07,Pro-tray,2024-05-01,2024-06-01,48887,43727,38640,5087,0.894,19554.8,12243.56
B00376,V07,Pro-tray,2024-05-31,2024-07-01,68969,64530,58330,6200,0.936,27587.6,18068.4
B00377,V07,Pro-tray,2024-07-01,2024-08-01,75724,66678,59120,7558,0.881,30289.6,18669.84
B00378,V07,Pro-tray,2024-08-01,2024-09-01,55161,51743,45800,5943,0.938,22064.4,14488.04
B00379,V07,Pro-tray,2024-08-31,2024-10-01,12731,11956,11370,586,0.939,5092.4,3347.68
B00380,V07,Pro-tray,2024-10-31,2024-12-01,16217,14524,12800,1724,0.896,6486.8,4066.72
B00381,V07,Pro-tray,2024-12-01,2025-01-01,31702,28732,26710,2022,0.906,12680.8,8527.66
B00382,V07,Pro-tray,2025-01-01,2025-02-01,5022,4741,4300,441,0.944,2008.8,1407.13
B00383,V07,Pro-tray,2025-01-29,2025-03-01,19028,17869,15200,2669,0.939,7611.2,5303.52
B00384,V07,Pro-tray,2025-03-01,2025-04-01,15700,13845,11800,2045,0.882,6280.0,4109.2
B00385,V07,Pro-tray,2025-03-31,2025-05-01,9526,8863,7700,1163,0.93,3810.4,2630.54
B00386,V07,Pro-tray,2025-05-01,2025-06-01,73500,65633,61170,4463,0.893,29400.0,19479.87
B00387,V07,Pro-tray,2025-05-31,2025-07-01,62801,57345,53600,3745,0.913,25120.4,17020.0
B00388,V07,Pro-tray,2025-07-01,2025-08-01,50638,47103,40350,6753,0.93,20255.2,13980.17
B00389,V07,Pro-tray,2025-08-01,2025-09-01,25700,24327,22330,1997,0.947,10280.0,7220.25
B00390,V07,Pro-tray,2025-08-31,2025-10-01,32022,29338,27300,2038,0.916,12808.8,8707.52
B00391,V07,Pro-tray,2025-10-01,2025-11-01,21178,19135,17620,1515,0.904,8471.2,5679.27
B00392,V07,Pro-tray,2025-10-31,2025-12-01,16040,14694,13550,1144,0.916,6416.0,4361.18
B00393,V07,Pro-tray,2025-12-01,2026-01-01,20109,17721,16340,1381,0.881,8043.6,5557.31
B00394,V07,Pro-tray,2026-01-01,2026-02-01,1069,950,900,50,0.889,427.6,297.92
B00395,V07,Pro-tray,2026-01-29,2026-03-01,16386,14961,13200,1761,0.913,6554.4,4691.77
B00396,V07,Pro-tray,2026-03-01,2026-04-01,8561,8076,7500,576,0.943,3424.4,2532.63
B00397,V07,Pro-tray,2026-03-31,2026-05-01,43056,38118,33300,4818,0.885,17222.4,11953.8
B00398,V07,Pro-tray,2026-05-01,2026-06-01,56125,51422,43990,7432,0.916,22450.0,16125.94
B00399,V07,Pro-tray,2026-05-31,2026-07-01,101610,92736,79750,12986,0.913,40644.0,29082.01
B00400,V07,Pro-tray,2026-07-01,2026-08-01,85135,75306,63860,11446,0.885,34054.0,23615.96
B00401,V08,Nursery bed,2024-01-29,2024-03-01,1796,1396,1200,196,0.778,1077.6,111.68
B00402,V08,Nursery bed,2024-02-29,2024-04-01,2224,1612,1500,112,0.725,1334.4,128.96
B00403,V08,Nursery bed,2024-03-30,2024-05-01,7344,5892,5600,292,0.802,4406.4,471.36
B00404,V08,Nursery bed,2024-04-30,2024-06-01,7749,6186,5700,486,0.798,4649.4,494.88
B00405,V08,Nursery bed,2024-05-30,2024-07-01,33227,26389,23000,3389,0.794,19936.2,2111.12
B00406,V08,Nursery bed,2024-06-30,2024-08-01,18174,14680,12800,1880,0.808,10904.4,1174.4
B00407,V08,Nursery bed,2024-07-31,2024-09-01,21865,16805,14700,2105,0.769,13119.0,1344.4
B00408,V08,Nursery bed,2024-08-30,2024-10-01,20071,15960,14300,1660,0.795,12042.6,1276.8
B00409,V08,Nursery bed,2024-09-30,2024-11-01,8978,7251,6500,751,0.808,5386.8,580.08
B00410,V08,Nursery bed,2024-10-30,2024-12-01,7949,6220,5700,520,0.782,4769.4,497.6
B00411,V08,Nursery bed,2024-11-30,2025-01-01,5416,4355,4000,355,0.804,3249.6,369.3
B00412,V08,Nursery bed,2025-01-28,2025-03-01,30420,21904,20700,1204,0.72,18252.0,1857.46
B00413,V08,Nursery bed,2025-02-28,2025-04-01,7569,6381,5500,881,0.843,4541.4,541.11
B00414,V08,Nursery bed,2025-03-30,2025-05-01,9732,8311,7500,811,0.854,5839.2,704.77
B00415,V08,Nursery bed,2025-04-30,2025-06-01,15256,11563,9800,1763,0.758,9153.6,980.54
B00416,V08,Nursery bed,2025-05-30,2025-07-01,20601,16587,14200,2387,0.805,12360.6,1406.58
B00417,V08,Nursery bed,2025-06-30,2025-08-01,57521,44292,38500,5792,0.77,34512.6,3755.96
B00418,V08,Nursery bed,2025-07-31,2025-09-01,13285,11015,9700,1315,0.829,7971.0,934.07
B00419,V08,Nursery bed,2025-08-30,2025-10-01,30108,22700,19600,3100,0.754,18064.8,1924.96
B00420,V08,Nursery bed,2025-10-30,2025-12-01,2047,1608,1400,208,0.786,1228.2,136.36
B00421,V08,Nursery bed,2025-12-31,2026-02-01,8422,6703,6300,403,0.796,5053.2,600.59
B00422,V08,Nursery bed,2026-02-28,2026-04-01,6755,5277,4800,477,0.781,4053.0,472.82
B00423,V08,Nursery bed,2026-03-30,2026-05-01,6138,5215,4500,715,0.85,3682.8,467.26
B00424,V08,Nursery bed,2026-04-30,2026-06-01,13445,10277,9100,1177,0.764,8067.0,920.82
B00425,V08,Nursery bed,2026-05-30,2026-07-01,40081,31335,27600,3735,0.782,24048.6,2807.62
B00426,V08,Nursery bed,2026-06-30,2026-08-01,16389,12795,11600,1195,0.781,9833.4,1146.43
B00427,V08,Pro-tray,2023-11-30,2024-01-01,2638,2465,2100,365,0.934,1582.8,690.2
B00428,V08,Pro-tray,2023-12-31,2024-02-01,2743,2422,2300,122,0.883,1645.8,678.16
B00429,V08,Pro-tray,2024-02-29,2024-04-01,8113,7436,6500,936,0.917,4867.8,2082.08
B00430,V08,Pro-tray,2024-03-30,2024-05-01,25465,24042,22100,1942,0.944,15279.0,6731.76
B00431,V08,Pro-tray,2024-04-30,2024-06-01,26563,24262,20960,3302,0.913,15937.8,6793.36
B00432,V08,Pro-tray,2024-05-30,2024-07-01,33119,29936,28280,1656,0.904,19871.4,8382.08
B00433,V08,Pro-tray,2024-06-30,2024-08-01,76213,71589,66000,5589,0.939,45727.8,20044.92
B00434,V08,Pro-tray,2024-07-31,2024-09-01,25215,23933,22100,1833,0.949,15129.0,6701.24
B00435,V08,Pro-tray,2024-08-30,2024-10-01,13560,12528,10700,1828,0.924,8136.0,3507.84
B00436,V08,Pro-tray,2024-09-30,2024-11-01,28919,25978,23500,2478,0.898,17351.4,7273.84
B00437,V08,Pro-tray,2024-11-30,2025-01-01,3321,3022,2700,322,0.91,1992.6,896.93
B00438,V08,Pro-tray,2024-12-31,2025-02-01,3955,3582,3200,382,0.906,2373.0,1063.14
B00439,V08,Pro-tray,2025-01-28,2025-03-01,8962,8280,7600,680,0.924,5377.2,2457.5
B00440,V08,Pro-tray,2025-02-28,2025-04-01,18541,17124,15900,1224,0.924,11124.6,5082.4
B00441,V08,Pro-tray,2025-03-30,2025-05-01,22073,19826,18700,1126,0.898,13243.8,5884.36
B00442,V08,Pro-tray,2025-04-30,2025-06-01,26697,25100,22700,2400,0.94,16018.2,7449.68
B00443,V08,Pro-tray,2025-05-30,2025-07-01,50142,45148,39700,5448,0.9,30085.2,13399.93
B00444,V08,Pro-tray,2025-06-30,2025-08-01,35325,31983,28700,3283,0.905,21195.0,9492.55
B00445,V08,Pro-tray,2025-07-31,2025-09-01,36681,33221,30610,2611,0.906,22008.6,9859.99
B00446,V08,Pro-tray,2025-08-30,2025-10-01,19332,18324,17430,894,0.948,11599.2,5438.56
B00447,V08,Pro-tray,2025-09-30,2025-11-01,3401,3069,2700,369,0.903,2040.6,910.88
B00448,V08,Pro-tray,2025-10-30,2025-12-01,2811,2564,2300,264,0.912,1686.6,761.0
B00449,V08,Pro-tray,2025-11-30,2026-01-01,11232,10342,9000,1342,0.921,6739.2,3243.25
B00450,V08,Pro-tray,2025-12-31,2026-02-01,4294,3809,3600,209,0.887,2576.4,1194.5
B00451,V08,Pro-tray,2026-01-28,2026-03-01,24563,22189,20000,2189,0.903,14737.8,6958.47
B00452,V08,Pro-tray,2026-02-28,2026-04-01,29889,28013,26640,1373,0.937,17933.4,8784.88
B00453,V08,Pro-tray,2026-03-30,2026-05-01,11362,10500,9600,900,0.924,6817.2,3292.8
B00454,V08,Pro-tray,2026-04-30,2026-06-01,62509,56972,50690,6282,0.911,37505.4,17866.42
B00455,V08,Pro-tray,2026-05-30,2026-07-01,71432,63950,59390,4560,0.895,42859.2,20054.72
B00456,V08,Pro-tray,2026-06-30,2026-08-01,112979,105509,91100,14409,0.934,67787.4,33087.62
B00457,V09,Nursery bed,2024-02-28,2024-04-01,14960,11319,10000,1319,0.757,10771.2,905.52
B00458,V09,Nursery bed,2024-03-29,2024-05-01,8398,6653,5900,753,0.792,6046.56,532.24
B00459,V09,Nursery bed,2024-04-29,2024-06-01,11803,9925,8800,1125,0.841,8498.16,794.0
B00460,V09,Nursery bed,2024-05-29,2024-07-01,15609,13115,11800,1315,0.84,11238.48,1049.2
B00461,V09,Nursery bed,2024-06-29,2024-08-01,34228,24947,23300,1647,0.729,24644.16,1995.76
B00462,V09,Nursery bed,2024-07-30,2024-09-01,9497,7696,7000,696,0.81,6837.84,615.68
B00463,V09,Nursery bed,2024-08-29,2024-10-01,15026,11809,10300,1509,0.786,10818.72,944.72
B00464,V09,Nursery bed,2024-09-29,2024-11-01,7095,5728,5000,728,0.807,5108.4,458.24
B00465,V09,Nursery bed,2024-10-29,2024-12-01,1454,1054,900,154,0.725,1046.88,84.32
B00466,V09,Nursery bed,2024-12-30,2025-02-01,4446,3428,3000,428,0.771,3201.12,290.69
B00467,V09,Nursery bed,2025-01-27,2025-03-01,693,539,500,39,0.778,498.96,45.71
B00468,V09,Nursery bed,2025-03-29,2025-05-01,11986,9552,9000,552,0.797,8629.92,810.01
B00469,V09,Nursery bed,2025-04-29,2025-06-01,24813,18031,16600,1431,0.727,17865.36,1529.03
B00470,V09,Nursery bed,2025-05-29,2025-07-01,64094,49985,46200,3785,0.78,46147.68,4238.73
B00471,V09,Nursery bed,2025-06-29,2025-08-01,10677,9167,8700,467,0.859,7687.44,777.36
B00472,V09,Nursery bed,2025-07-30,2025-09-01,19829,16687,15100,1587,0.842,14276.88,1415.06
B00473,V09,Nursery bed,2025-08-29,2025-10-01,12309,10164,8700,1464,0.826,8862.48,861.91
B00474,V09,Nursery bed,2025-09-29,2025-11-01,9033,7247,6500,747,0.802,6503.76,614.55
B00475,V09,Nursery bed,2025-11-29,2026-01-01,6115,4942,4200,742,0.808,4402.8,442.8
B00476,V09,Nursery bed,2025-12-30,2026-02-01,9988,7304,6500,804,0.731,7191.36,654.44
B00477,V09,Nursery bed,2026-02-27,2026-04-01,2351,1851,1600,251,0.788,1692.72,165.85
B00478,V09,Nursery bed,2026-03-29,2026-05-01,8331,6121,5400,721,0.735,5998.32,548.44
B00479,V09,Nursery bed,2026-04-29,2026-06-01,79001,60204,52400,7804,0.762,56880.72,5394.28
B00480,V09,Nursery bed,2026-05-29,2026-07-01,14624,10664,9200,1464,0.729,10529.28,955.49
B00481,V09,Nursery bed,2026-06-29,2026-08-01,41096,29591,25400,4191,0.72,29589.12,2651.35
B00482,V09,Pro-tray,2024-01-28,2024-03-01,2562,2341,2000,341,0.914,1844.64,655.48
B00483,V09,Pro-tray,2024-03-29,2024-05-01,11558,10178,8700,1478,0.881,8321.76,2849.84
B00484,V09,Pro-tray,2024-04-29,2024-06-01,35402,32500,30700,1800,0.918,25489.44,9100.0
B00485,V09,Pro-tray,2024-05-29,2024-07-01,6985,6628,6100,528,0.949,5029.2,1855.84
B00486,V09,Pro-tray,2024-06-29,2024-08-01,22649,20223,19100,1123,0.893,16307.28,5662.44
B00487,V09,Pro-tray,2024-07-30,2024-09-01,8943,8193,7200,993,0.916,6438.96,2294.04
B00488,V09,Pro-tray,2024-08-29,2024-10-01,6582,5930,5200,730,0.901,4739.04,1660.4
B00489,V09,Pro-tray,2024-09-29,2024-11-01,6496,6100,5500,600,0.939,4677.12,1708.0
B00490,V09,Pro-tray,2024-11-29,2025-01-01,9882,9363,8800,563,0.948,7115.04,2778.94
B00491,V09,Pro-tray,2024-12-30,2025-02-01,1613,1501,1310,191,0.931,1161.36,445.5
B00492,V09,Pro-tray,2025-01-27,2025-03-01,11857,10896,10200,696,0.919,8537.04,3233.93
B00493,V09,Pro-tray,2025-02-27,2025-04-01,1985,1822,1700,122,0.918,1429.2,540.77
B00494,V09,Pro-tray,2025-03-29,2025-05-01,35660,31593,28200,3393,0.886,25675.2,9376.8
B00495,V09,Pro-tray,2025-04-29,2025-06-01,32261,29761,25780,3981,0.923,23227.92,8833.06
B00496,V09,Pro-tray,2025-05-29,2025-07-01,49909,44634,38110,6524,0.894,35934.48,13247.37
B00497,V09,Pro-tray,2025-06-29,2025-08-01,42399,39005,34400,4605,0.92,30527.28,11576.68
B00498,V09,Pro-tray,2025-07-30,2025-09-01,9708,8656,7500,1156,0.892,6989.76,2569.1
B00499,V09,Pro-tray,2025-08-29,2025-10-01,15774,14607,13600,1007,0.926,11357.28,4335.36
B00500,V09,Pro-tray,2025-10-29,2025-12-01,6614,6052,5500,552,0.915,4762.08,1796.23
B00501,V09,Pro-tray,2025-11-29,2026-01-01,25907,24608,20890,3718,0.95,18653.04,7717.07
B00502,V09,Pro-tray,2025-12-30,2026-02-01,25433,23433,21300,2133,0.921,18311.76,7348.59
B00503,V09,Pro-tray,2026-01-27,2026-03-01,17574,16051,14800,1251,0.913,12653.28,5033.59
B00504,V09,Pro-tray,2026-02-27,2026-04-01,3583,3347,3000,347,0.934,2579.76,1049.62
B00505,V09,Pro-tray,2026-03-29,2026-05-01,44008,40441,38300,2141,0.919,31685.76,12682.3
B00506,V09,Pro-tray,2026-04-29,2026-06-01,53838,47698,44250,3448,0.886,38763.36,14958.09
B00507,V09,Pro-tray,2026-05-29,2026-07-01,142129,129433,116930,12503,0.911,102332.88,40590.19
B00508,V09,Pro-tray,2026-06-29,2026-08-01,50345,47297,41080,6217,0.939,36248.4,14832.34
B00509,V10,Nursery bed,2024-01-30,2024-03-01,2347,1898,1800,98,0.809,1056.15,151.84
B00510,V10,Nursery bed,2024-03-31,2024-05-01,3400,2710,2300,410,0.797,1530.0,216.8
B00511,V10,Nursery bed,2024-05-01,2024-06-01,25849,20416,18200,2216,0.79,11632.05,1633.28
B00512,V10,Nursery bed,2024-05-31,2024-07-01,12683,9215,8500,715,0.727,5707.35,737.2
B00513,V10,Nursery bed,2024-07-01,2024-08-01,8090,6510,5600,910,0.805,3640.5,520.8
B00514,V10,Nursery bed,2024-08-01,2024-09-01,5188,4288,3700,588,0.827,2334.6,343.04
B00515,V10,Nursery bed,2024-08-31,2024-10-01,4223,3508,3100,408,0.831,1900.35,280.64
B00516,V10,Nursery bed,2024-10-01,2024-11-01,9939,7896,7200,696,0.794,4472.55,631.68
B00517,V10,Nursery bed,2024-10-31,2024-12-01,1196,996,900,96,0.833,538.2,79.68
B00518,V10,Nursery bed,2025-01-01,2025-02-01,1484,1180,1000,180,0.796,667.8,100.06
B00519,V10,Nursery bed,2025-01-29,2025-03-01,6402,4863,4400,463,0.76,2880.9,412.38
B00520,V10,Nursery bed,2025-03-01,2025-04-01,11965,8750,8000,750,0.731,5384.25,742.0
B00521,V10,Nursery bed,2025-03-31,2025-05-01,5648,4774,4400,374,0.845,2541.6,404.84
B00522,V10,Nursery bed,2025-05-01,2025-06-01,10971,9183,8200,983,0.837,4936.95,778.72
B00523,V10,Nursery bed,2025-05-31,2025-07-01,41879,33331,28300,5031,0.796,18845.55,2826.47
B00524,V10,Nursery bed,2025-07-01,2025-08-01,24694,19394,17800,1594,0.785,11112.3,1644.61
B00525,V10,Nursery bed,2025-08-01,2025-09-01,3305,2677,2400,277,0.81,1487.25,227.01
B00526,V10,Nursery bed,2025-08-31,2025-10-01,2077,1633,1400,233,0.786,934.65,138.48
B00527,V10,Nursery bed,2025-10-01,2025-11-01,1878,1546,1400,146,0.823,845.1,131.1
B00528,V10,Nursery bed,2025-10-31,2025-12-01,2276,1696,1600,96,0.745,1024.2,143.82
B00529,V10,Nursery bed,2025-12-01,2026-01-01,2497,1884,1600,284,0.755,1123.65,168.81
B00530,V10,Nursery bed,2026-01-01,2026-02-01,18429,13567,11500,2067,0.736,8293.05,1215.6
B00531,V10,Nursery bed,2026-01-29,2026-03-01,2479,2005,1800,205,0.809,1115.55,179.65
B00532,V10,Nursery bed,2026-03-31,2026-05-01,1300,1090,1000,90,0.839,585.0,97.66
B00533,V10,Nursery bed,2026-05-01,2026-06-01,17843,12984,12100,884,0.728,8029.35,1163.37
B00534,V10,Nursery bed,2026-05-31,2026-07-01,677,563,500,63,0.832,304.65,50.44
B00535,V10,Nursery bed,2026-07-01,2026-08-01,10673,8385,7300,1085,0.786,4802.85,751.3
B00536,V10,Pro-tray,2024-01-30,2024-03-01,6327,5780,5200,580,0.914,2847.15,1618.4
B00537,V10,Pro-tray,2024-03-01,2024-04-01,9051,8545,7600,945,0.944,4072.95,2392.6
B00538,V10,Pro-tray,2024-03-31,2024-05-01,14443,13366,11800,1566,0.925,6499.35,3742.48
B00539,V10,Pro-tray,2024-05-01,2024-06-01,25191,22653,19200,3453,0.899,11335.95,6342.84
B00540,V10,Pro-tray,2024-05-31,2024-07-01,34675,30613,28050,2563,0.883,15603.75,8571.64
B00541,V10,Pro-tray,2024-07-01,2024-08-01,20706,18720,15900,2820,0.904,9317.7,5241.6
B00542,V10,Pro-tray,2024-08-01,2024-09-01,28912,26655,24260,2395,0.922,13010.4,7463.4
B00543,V10,Pro-tray,2024-08-31,2024-10-01,24763,22345,21050,1295,0.902,11143.35,6256.6
B00544,V10,Pro-tray,2024-10-01,2024-11-01,5460,4817,4500,317,0.882,2457.0,1348.76
B00545,V10,Pro-tray,2024-10-31,2024-12-01,3578,3263,3000,263,0.912,1610.1,913.64
B00546,V10,Pro-tray,2025-01-29,2025-03-01,3435,3259,3000,259,0.949,1545.75,967.27
B00547,V10,Pro-tray,2025-03-31,2025-05-01,36742,34479,29700,4779,0.938,16533.9,10233.37
B00548,V10,Pro-tray,2025-05-01,2025-06-01,44020,39402,36500,2902,0.895,19809.0,11694.51
B00549,V10,Pro-tray,2025-05-31,2025-07-01,77086,71680,61000,10680,0.93,34688.7,21274.62
B00550,V10,Pro-tray,2025-07-01,2025-08-01,14427,13231,12040,1191,0.917,6492.15,3926.96
B00551,V10,Pro-tray,2025-08-01,2025-09-01,12153,10720,9300,1420,0.882,5468.85,3181.7
B00552,V10,Pro-tray,2025-08-31,2025-10-01,8149,7316,6800,516,0.898,3667.05,2171.39
B00553,V10,Pro-tray,2025-10-01,2025-11-01,5085,4550,4000,550,0.895,2288.25,1350.44
B00554,V10,Pro-tray,2025-12-01,2026-01-01,141,128,110,18,0.909,63.45,40.14
B00555,V10,Pro-tray,2026-03-01,2026-04-01,15553,13786,12100,1686,0.886,6998.85,4323.29
B00556,V10,Pro-tray,2026-03-31,2026-05-01,17398,16367,14100,2267,0.941,7829.1,5132.69
B00557,V10,Pro-tray,2026-05-01,2026-06-01,17971,16026,14210,1816,0.892,8086.95,5025.75
B00558,V10,Pro-tray,2026-05-31,2026-07-01,41678,39462,34200,5262,0.947,18755.1,12375.28
B00559,V10,Pro-tray,2026-07-01,2026-08-01,13323,12527,10700,1827,0.94,5995.35,3928.47
B00560,V11,Nursery bed,2023-11-24,2024-01-01,1023,752,700,52,0.736,1943.7,60.16
B00561,V11,Nursery bed,2024-01-23,2024-03-01,2498,2076,1800,276,0.831,4746.2,166.08
B00562,V11,Nursery bed,2024-05-24,2024-07-01,2374,1743,1500,243,0.734,4510.6,139.44
B00563,V11,Nursery bed,2024-06-24,2024-08-01,3681,2809,2400,409,0.763,6993.9,224.72
B00564,V11,Nursery bed,2024-07-25,2024-09-01,3720,2710,2400,310,0.729,7068.0,216.8
B00565,V11,Nursery bed,2024-09-24,2024-11-01,10376,8900,7900,1000,0.858,19714.4,712.0
B00566,V11,Nursery bed,2025-05-24,2025-07-01,5338,3929,3700,229,0.736,10142.2,333.18
B00567,V11,Nursery bed,2025-07-25,2025-09-01,6438,5151,4500,651,0.8,12232.2,436.8
B00568,V11,Nursery bed,2026-06-24,2026-08-01,6766,5629,5000,629,0.832,12855.4,504.36
B00569,V11,Pro-tray,2023-11-24,2024-01-01,5191,4678,4400,278,0.901,9862.9,1309.84
B00570,V11,Pro-tray,2023-12-25,2024-02-01,4473,4142,3690,452,0.926,8498.7,1159.76
B00571,V11,Pro-tray,2024-01-23,2024-03-01,2223,1996,1700,296,0.898,4223.7,558.88
B00572,V11,Pro-tray,2024-02-23,2024-04-01,3507,3225,2800,425,0.92,6663.3,903.0
B00573,V11,Pro-tray,2024-03-24,2024-05-01,4757,4388,4100,288,0.922,9038.3,1228.64
B00574,V11,Pro-tray,2024-04-24,2024-06-01,13735,12981,11540,1441,0.945,26096.5,3634.68
B00575,V11,Pro-tray,2024-05-24,2024-07-01,25861,23931,21420,2511,0.925,49135.9,6700.68
B00576,V11,Pro-tray,2024-06-24,2024-08-01,33777,31546,26900,4646,0.934,64176.3,8832.88
B00577,V11,Pro-tray,2024-07-25,2024-09-01,46433,41933,36130,5803,0.903,88222.7,11741.24
B00578,V11,Pro-tray,2024-08-24,2024-10-01,8215,7296,6600,696,0.888,15608.5,2042.88
B00579,V11,Pro-tray,2024-09-24,2024-11-01,9196,8669,7700,969,0.943,17472.4,2427.32
B00580,V11,Pro-tray,2024-10-24,2024-12-01,3980,3513,3200,313,0.883,7562.0,983.64
B00581,V11,Pro-tray,2024-11-24,2025-01-01,5166,4806,4400,406,0.93,9815.4,1426.42
B00582,V11,Pro-tray,2024-12-25,2025-02-01,3077,2759,2390,369,0.897,5846.3,818.87
B00583,V11,Pro-tray,2025-01-22,2025-03-01,2400,2153,2000,153,0.897,4560.0,639.01
B00584,V11,Pro-tray,2025-02-22,2025-04-01,17557,16303,14300,2003,0.929,33358.3,4838.73
B00585,V11,Pro-tray,2025-03-24,2025-05-01,9227,8120,7230,890,0.88,17531.3,2410.02
B00586,V11,Pro-tray,2025-04-24,2025-06-01,17108,15130,12950,2180,0.884,32505.2,4490.58
B00587,V11,Pro-tray,2025-05-24,2025-07-01,26485,24675,21540,3135,0.932,50321.5,7323.54
B00588,V11,Pro-tray,2025-06-24,2025-08-01,54985,51235,47700,3535,0.932,104471.5,15206.55
B00589,V11,Pro-tray,2025-07-25,2025-09-01,45713,40566,36600,3966,0.887,86854.7,12039.99
B00590,V11,Pro-tray,2025-08-24,2025-10-01,47497,44122,37420,6702,0.929,90244.3,13095.41
B00591,V11,Pro-tray,2025-09-24,2025-11-01,6754,6075,5200,875,0.899,12832.6,1803.06
B00592,V11,Pro-tray,2025-10-24,2025-12-01,5782,5119,4700,419,0.885,10985.8,1519.32
B00593,V11,Pro-tray,2025-11-24,2026-01-01,5911,5371,4900,471,0.909,11230.9,1684.35
B00594,V11,Pro-tray,2025-12-25,2026-02-01,27365,25677,23200,2477,0.938,51993.5,8052.31
B00595,V11,Pro-tray,2026-01-22,2026-03-01,625,583,500,83,0.934,1187.5,182.83
B00596,V11,Pro-tray,2026-02-22,2026-04-01,962,880,800,80,0.915,1827.8,275.97
B00597,V11,Pro-tray,2026-03-24,2026-05-01,3786,3332,2910,422,0.88,7193.4,1044.92
B00598,V11,Pro-tray,2026-04-24,2026-06-01,10613,10054,9300,754,0.947,20164.7,3152.93
B00599,V11,Pro-tray,2026-05-24,2026-07-01,35146,33231,28220,5011,0.946,66777.4,10421.24
B00600,V11,Pro-tray,2026-06-24,2026-08-01,76302,70685,62400,8285,0.926,144973.8,22166.82
B00601,V12,Nursery bed,2023-12-06,2024-01-01,2811,2354,2000,354,0.838,2389.35,188.32
B00602,V12,Nursery bed,2024-01-06,2024-02-01,18912,15268,14500,768,0.807,16075.2,1221.44
B00603,V12,Nursery bed,2024-02-04,2024-03-01,3954,3267,3000,267,0.826,3360.9,261.36
B00604,V12,Nursery bed,2024-03-06,2024-04-01,12009,9502,8400,1102,0.791,10207.65,760.16
B00605,V12,Nursery bed,2024-04-05,2024-05-01,830,640,600,40,0.772,705.5,51.2
B00606,V12,Nursery bed,2024-05-06,2024-06-01,19423,15458,13900,1558,0.796,16509.55,1236.64
B00607,V12,Nursery bed,2024-06-05,2024-07-01,52841,45271,42700,2571,0.857,44914.85,3621.68
B00608,V12,Nursery bed,2024-07-06,2024-08-01,23436,19723,17700,2023,0.842,19920.6,1577.84
B00609,V12,Nursery bed,2024-08-06,2024-09-01,30206,22637,20800,1837,0.749,25675.1,1810.96
B00610,V12,Nursery bed,2024-09-05,2024-10-01,22994,16583,14800,1783,0.721,19544.9,1326.64
B00611,V12,Nursery bed,2024-10-06,2024-11-01,17705,15036,13100,1936,0.849,15049.25,1202.88
B00612,V12,Nursery bed,2024-11-05,2024-12-01,34003,25866,23600,2266,0.761,28902.55,2069.28
B00613,V12,Nursery bed,2024-12-06,2025-01-01,7842,5972,5600,372,0.762,6665.7,506.43
B00614,V12,Nursery bed,2025-02-03,2025-03-01,3236,2401,2100,301,0.742,2750.6,203.6
B00615,V12,Nursery bed,2025-03-06,2025-04-01,15332,12289,11300,989,0.802,13032.2,1042.11
B00616,V12,Nursery bed,2025-04-05,2025-05-01,9677,7323,6400,923,0.757,8225.45,620.99
B00617,V12,Nursery bed,2025-05-06,2025-06-01,2500,1833,1700,133,0.733,2125.0,155.44
B00618,V12,Nursery bed,2025-06-05,2025-07-01,28135,21647,18600,3047,0.769,23914.75,1835.67
B00619,V12,Nursery bed,2025-07-06,2025-08-01,52878,44127,41600,2527,0.835,44946.3,3741.97
B00620,V12,Nursery bed,2025-08-06,2025-09-01,32244,25725,22200,3525,0.798,27407.4,2181.48
B00621,V12,Nursery bed,2025-09-05,2025-10-01,29418,23424,21100,2324,0.796,25005.3,1986.36
B00622,V12,Nursery bed,2025-10-06,2025-11-01,15049,12715,11100,1615,0.845,12791.65,1078.23
B00623,V12,Nursery bed,2025-11-05,2025-12-01,15593,12338,11500,838,0.791,13254.05,1046.26
B00624,V12,Nursery bed,2025-12-06,2026-01-01,4064,3027,2800,227,0.745,3454.4,271.22
B00625,V12,Nursery bed,2026-01-06,2026-02-01,17333,13902,12400,1502,0.802,14733.05,1245.62
B00626,V12,Nursery bed,2026-03-06,2026-04-01,1597,1291,1200,91,0.809,1357.45,115.67
B00627,V12,Nursery bed,2026-04-05,2026-05-01,2565,2033,1800,233,0.793,2180.25,182.16
B00628,V12,Nursery bed,2026-05-06,2026-06-01,12022,10099,9300,799,0.84,10218.7,904.87
B00629,V12,Nursery bed,2026-06-05,2026-07-01,7769,5896,5000,896,0.759,6603.65,528.28
B00630,V12,Nursery bed,2026-07-06,2026-08-01,32700,23829,21400,2429,0.729,27795.0,2135.08
B00631,V12,Pro-tray,2023-12-06,2024-01-01,20745,19603,17480,2123,0.945,17633.25,5488.84
B00632,V12,Pro-tray,2024-01-06,2024-02-01,10961,10090,9300,790,0.921,9316.85,2825.2
B00633,V12,Pro-tray,2024-02-04,2024-03-01,6864,6393,5440,953,0.931,5834.4,1790.04
B00634,V12,Pro-tray,2024-03-06,2024-04-01,5491,5011,4310,701,0.913,4667.35,1403.08
B00635,V12,Pro-tray,2024-04-05,2024-05-01,6570,5797,5000,797,0.882,5584.5,1623.16
B00636,V12,Pro-tray,2024-05-06,2024-06-01,16924,16027,13810,2217,0.947,14385.4,4487.56
B00637,V12,Pro-tray,2024-06-05,2024-07-01,40254,35670,31490,4180,0.886,34215.9,9987.6
B00638,V12,Pro-tray,2024-07-06,2024-08-01,37475,33173,31330,1843,0.885,31853.75,9288.44
B00639,V12,Pro-tray,2024-08-06,2024-09-01,81199,71894,67280,4614,0.885,69019.15,20130.32
B00640,V12,Pro-tray,2024-09-05,2024-10-01,30368,27863,24290,3573,0.918,25812.8,7801.64
B00641,V12,Pro-tray,2024-10-06,2024-11-01,54336,48435,46090,2345,0.891,46185.6,13561.8
B00642,V12,Pro-tray,2024-11-05,2024-12-01,27698,25201,22800,2401,0.91,23543.3,7056.28
B00643,V12,Pro-tray,2024-12-06,2025-01-01,17146,15614,13910,1704,0.911,14574.1,4634.24
B00644,V12,Pro-tray,2025-01-06,2025-02-01,30724,29126,26800,2326,0.948,26115.4,8644.6
B00645,V12,Pro-tray,2025-02-03,2025-03-01,10010,9208,7940,1268,0.92,8508.5,2732.93
B00646,V12,Pro-tray,2025-03-06,2025-04-01,4160,3787,3600,187,0.91,3536.0,1123.98
B00647,V12,Pro-tray,2025-04-05,2025-05-01,15635,14143,12390,1753,0.905,13289.75,4197.64
B00648,V12,Pro-tray,2025-05-06,2025-06-01,7917,7070,6220,850,0.893,6729.45,2098.38
B00649,V12,Pro-tray,2025-06-05,2025-07-01,86629,76549,67310,9239,0.884,73634.65,22719.74
B00650,V12,Pro-tray,2025-07-06,2025-08-01,78373,71711,62830,8881,0.915,66617.05,21283.82
B00651,V12,Pro-tray,2025-08-06,2025-09-01,30332,26751,22790,3961,0.882,25782.2,7939.7
B00652,V12,Pro-tray,2025-09-05,2025-10-01,70419,64828,57020,7808,0.921,59856.15,19240.95
B00653,V12,Pro-tray,2025-10-06,2025-11-01,33777,31651,29960,1691,0.937,28710.45,9394.02
B00654,V12,Pro-tray,2025-11-05,2025-12-01,24637,21956,20510,1446,0.891,20941.45,6516.54
B00655,V12,Pro-tray,2025-12-06,2026-01-01,18773,16727,15760,967,0.891,15957.05,5245.59
B00656,V12,Pro-tray,2026-01-06,2026-02-01,14243,13451,12280,1171,0.944,12106.55,4218.23
B00657,V12,Pro-tray,2026-02-03,2026-03-01,24025,21333,18670,2663,0.888,20421.25,6690.03
B00658,V12,Pro-tray,2026-03-06,2026-04-01,24729,22396,20800,1596,0.906,21019.65,7023.39
B00659,V12,Pro-tray,2026-04-05,2026-05-01,30312,28645,24690,3955,0.945,25765.2,8983.07
B00660,V12,Pro-tray,2026-05-06,2026-06-01,54899,50585,45380,5205,0.921,46664.15,15863.46
B00661,V12,Pro-tray,2026-06-05,2026-07-01,79883,70869,63700,7169,0.887,67900.55,22224.52
B00662,V12,Pro-tray,2026-07-06,2026-08-01,108579,98687,88470,10217,0.909,92292.15,30948.24
B00663,V13,Nursery bed,2023-12-02,2024-01-01,15418,11975,10700,1275,0.777,3854.5,958.0
B00664,V13,Nursery bed,2024-01-02,2024-02-01,29184,23342,22000,1342,0.8,7296.0,1867.36
B00665,V13,Nursery bed,2024-01-31,2024-03-01,4295,3218,2900,318,0.749,1073.75,257.44
B00666,V13,Nursery bed,2024-03-02,2024-04-01,7479,6330,5400,930,0.846,1869.75,506.4
B00667,V13,Nursery bed,2024-04-01,2024-05-01,7316,5848,5200,648,0.799,1829.0,467.84
B00668,V13,Nursery bed,2024-05-02,2024-06-01,15198,12075,11100,975,0.795,3799.5,966.0
B00669,V13,Nursery bed,2024-06-01,2024-07-01,10901,8544,7600,944,0.784,2725.25,683.52
B00670,V13,Nursery bed,2024-07-02,2024-08-01,17960,15109,13800,1309,0.841,4490.0,1208.72
B00671,V13,Nursery bed,2024-08-02,2024-09-01,12133,9090,8500,590,0.749,3033.25,727.2
B00672,V13,Nursery bed,2024-09-01,2024-10-01,15328,11716,10500,1216,0.764,3832.0,937.28
B00673,V13,Nursery bed,2024-10-02,2024-11-01,11158,9572,8900,672,0.858,2789.5,765.76
B00674,V13,Nursery bed,2024-11-01,2024-12-01,12244,8899,8200,699,0.727,3061.0,711.92
B00675,V13,Nursery bed,2024-12-02,2025-01-01,15015,12093,10300,1793,0.805,3753.75,1025.49
B00676,V13,Nursery bed,2025-01-02,2025-02-01,8205,6684,5800,884,0.815,2051.25,566.8
B00677,V13,Nursery bed,2025-01-30,2025-03-01,22879,18452,15700,2752,0.807,5719.75,1564.73
B00678,V13,Nursery bed,2025-03-02,2025-04-01,13904,11154,9800,1354,0.802,3476.0,945.86
B00679,V13,Nursery bed,2025-04-01,2025-05-01,8639,7409,6600,809,0.858,2159.75,628.28
B00680,V13,Nursery bed,2025-05-02,2025-06-01,24461,18423,15700,2723,0.753,6115.25,1562.27
B00681,V13,Nursery bed,2025-06-01,2025-07-01,33616,26797,23200,3597,0.797,8404.0,2272.39
B00682,V13,Nursery bed,2025-07-02,2025-08-01,19522,15156,12900,2256,0.776,4880.5,1285.23
B00683,V13,Nursery bed,2025-08-02,2025-09-01,15685,13023,11500,1523,0.83,3921.25,1104.35
B00684,V13,Nursery bed,2025-09-01,2025-10-01,19435,16076,13900,2176,0.827,4858.75,1363.24
B00685,V13,Nursery bed,2025-10-02,2025-11-01,17644,14814,13200,1614,0.84,4411.0,1256.23
B00686,V13,Nursery bed,2025-11-01,2025-12-01,19687,16111,13700,2411,0.818,4921.75,1366.21
B00687,V13,Nursery bed,2025-12-02,2026-01-01,13007,10407,9900,507,0.8,3251.75,932.47
B00688,V13,Nursery bed,2026-01-02,2026-02-01,20561,14837,12900,1937,0.722,5140.25,1329.4
B00689,V13,Nursery bed,2026-01-30,2026-03-01,4077,2961,2600,361,0.726,1019.25,265.31
B00690,V13,Nursery bed,2026-03-02,2026-04-01,10502,8871,7900,971,0.845,2625.5,794.84
B00691,V13,Nursery bed,2026-04-01,2026-05-01,12134,9132,7800,1332,0.753,3033.5,818.23
B00692,V13,Nursery bed,2026-05-02,2026-06-01,19001,15026,14000,1026,0.791,4750.25,1346.33
B00693,V13,Nursery bed,2026-06-01,2026-07-01,19514,15177,13200,1977,0.778,4878.5,1359.86
B00694,V13,Nursery bed,2026-07-02,2026-08-01,23287,18642,16600,2042,0.801,5821.75,1670.32
B00695,V13,Pro-tray,2023-12-02,2024-01-01,9722,8583,7770,813,0.883,2430.5,2403.24
B00696,V13,Pro-tray,2024-01-02,2024-02-01,4668,4332,4040,292,0.928,1167.0,1212.96
B00697,V13,Pro-tray,2024-01-31,2024-03-01,10551,10009,9500,509,0.949,2637.75,2802.52
B00698,V13,Pro-tray,2024-03-02,2024-04-01,2384,2141,2030,111,0.898,596.0,599.48
B00699,V13,Pro-tray,2024-04-01,2024-05-01,6753,6063,5560,503,0.898,1688.25,1697.64
B00700,V13,Pro-tray,2024-05-02,2024-06-01,4479,4092,3520,572,0.914,1119.75,1145.76
B00701,V13,Pro-tray,2024-06-01,2024-07-01,18803,16941,15740,1201,0.901,4700.75,4743.48
B00702,V13,Pro-tray,2024-07-02,2024-08-01,31680,28330,26700,1630,0.894,7920.0,7932.4
B00703,V13,Pro-tray,2024-08-02,2024-09-01,14061,12519,11500,1019,0.89,3515.25,3505.32
B00704,V13,Pro-tray,2024-09-01,2024-10-01,22537,20196,19050,1146,0.896,5634.25,5654.88
B00705,V13,Pro-tray,2024-10-02,2024-11-01,9291,8799,8300,499,0.947,2322.75,2463.72
B00706,V13,Pro-tray,2024-11-01,2024-12-01,9431,8786,8100,686,0.932,2357.75,2460.08
B00707,V13,Pro-tray,2024-12-02,2025-01-01,8837,8118,7730,388,0.919,2209.25,2409.42
B00708,V13,Pro-tray,2025-01-02,2025-02-01,11852,10435,9540,895,0.881,2963.0,3097.11
B00709,V13,Pro-tray,2025-01-30,2025-03-01,22611,21011,17860,3151,0.929,5652.75,6236.06
B00710,V13,Pro-tray,2025-03-02,2025-04-01,6532,5954,5230,724,0.912,1633.0,1767.15
B00711,V13,Pro-tray,2025-04-01,2025-05-01,9713,8932,7620,1312,0.92,2428.25,2651.02
B00712,V13,Pro-tray,2025-05-02,2025-06-01,21955,20183,18590,1593,0.919,5488.75,5990.31
B00713,V13,Pro-tray,2025-06-01,2025-07-01,28115,26129,22490,3639,0.929,7028.75,7755.09
B00714,V13,Pro-tray,2025-07-02,2025-08-01,11477,10781,9340,1441,0.939,2869.25,3199.8
B00715,V13,Pro-tray,2025-08-02,2025-09-01,30317,26874,24200,2674,0.886,7579.25,7976.2
B00716,V13,Pro-tray,2025-09-01,2025-10-01,10369,9436,8010,1426,0.91,2592.25,2800.6
B00717,V13,Pro-tray,2025-10-02,2025-11-01,7803,6947,6260,687,0.89,1950.75,2061.87
B00718,V13,Pro-tray,2025-11-01,2025-12-01,16368,15241,14400,841,0.931,4092.0,4523.53
B00719,V13,Pro-tray,2025-12-02,2026-01-01,18173,17128,15000,2128,0.943,4543.25,5371.34
B00720,V13,Pro-tray,2026-01-02,2026-02-01,10373,9227,8100,1127,0.89,2593.25,2893.59
B00721,V13,Pro-tray,2026-01-30,2026-03-01,25799,23852,22380,1472,0.925,6449.75,7479.99
B00722,V13,Pro-tray,2026-03-02,2026-04-01,11379,10781,9660,1121,0.948,2844.75,3380.92
B00723,V13,Pro-tray,2026-04-01,2026-05-01,10925,10023,8800,1223,0.917,2731.25,3143.21
B00724,V13,Pro-tray,2026-05-02,2026-06-01,15155,13549,12020,1529,0.894,3788.75,4248.97
B00725,V13,Pro-tray,2026-06-01,2026-07-01,39467,35631,30600,5031,0.903,9866.75,11173.88
B00726,V13,Pro-tray,2026-07-02,2026-08-01,22536,21245,18500,2745,0.943,5634.0,6662.43
B00727,V14,Nursery bed,2023-12-07,2024-01-01,12701,9446,8500,946,0.744,11430.9,755.68
B00728,V14,Nursery bed,2024-01-07,2024-02-01,1285,1098,1000,98,0.855,1156.5,87.84
B00729,V14,Nursery bed,2024-02-05,2024-03-01,2538,1942,1800,142,0.765,2284.2,155.36
B00730,V14,Nursery bed,2024-03-07,2024-04-01,1162,848,800,48,0.73,1045.8,67.84
B00731,V14,Nursery bed,2024-05-07,2024-06-01,12897,9601,8700,901,0.744,11607.3,768.08
B00732,V14,Nursery bed,2024-06-06,2024-07-01,31244,24952,22300,2652,0.799,28119.6,1996.16
B00733,V14,Nursery bed,2024-07-07,2024-08-01,15663,12212,10500,1712,0.78,14096.7,976.96
B00734,V14,Nursery bed,2024-08-07,2024-09-01,5138,4294,3900,394,0.836,4624.2,343.52
B00735,V14,Nursery bed,2024-09-06,2024-10-01,2652,2098,1800,298,0.791,2386.8,167.84
B00736,V14,Nursery bed,2025-01-07,2025-02-01,882,658,600,58,0.746,793.8,55.8
B00737,V14,Nursery bed,2025-03-07,2025-04-01,2895,2327,2100,227,0.804,2605.5,197.33
B00738,V14,Nursery bed,2025-04-06,2025-05-01,1984,1583,1500,83,0.798,1785.6,134.24
B00739,V14,Nursery bed,2025-05-07,2025-06-01,7746,6108,5200,908,0.789,6971.4,517.96
B00740,V14,Nursery bed,2025-06-06,2025-07-01,27315,23264,20400,2864,0.852,24583.5,1972.79
B00741,V14,Nursery bed,2025-07-07,2025-08-01,22004,18720,16300,2420,0.851,19803.6,1587.46
B00742,V14,Nursery bed,2025-08-07,2025-09-01,20455,15267,13400,1867,0.746,18409.5,1294.64
B00743,V14,Nursery bed,2025-09-06,2025-10-01,6611,5676,5000,676,0.859,5949.9,481.32
B00744,V14,Nursery bed,2025-10-07,2025-11-01,1507,1255,1100,155,0.833,1356.3,106.42
B00745,V14,Nursery bed,2025-11-06,2025-12-01,1162,842,800,42,0.725,1045.8,71.4
B00746,V14,Nursery bed,2026-01-07,2026-02-01,1851,1526,1400,126,0.824,1665.9,136.73
B00747,V14,Nursery bed,2026-02-04,2026-03-01,1667,1312,1200,112,0.787,1500.3,117.56
B00748,V14,Nursery bed,2026-04-06,2026-05-01,4228,3161,2900,261,0.748,3805.2,283.23
B00749,V14,Nursery bed,2026-05-07,2026-06-01,20472,15994,14700,1294,0.781,18424.8,1433.06
B00750,V14,Nursery bed,2026-06-06,2026-07-01,3704,3167,2700,467,0.855,3333.6,283.76
B00751,V14,Nursery bed,2026-07-07,2026-08-01,8967,6593,6100,493,0.735,8070.3,590.73
B00752,V14,Pro-tray,2024-01-07,2024-02-01,8627,7665,6800,865,0.888,7764.3,2146.2
B00753,V14,Pro-tray,2024-02-05,2024-03-01,5461,5014,4700,314,0.918,4914.9,1403.92
B00754,V14,Pro-tray,2024-03-07,2024-04-01,2014,1863,1700,163,0.925,1812.6,521.64
B00755,V14,Pro-tray,2024-04-06,2024-05-01,9654,8812,7700,1112,0.913,8688.6,2467.36
B00756,V14,Pro-tray,2024-05-07,2024-06-01,9289,8192,7030,1162,0.882,8360.1,2293.76
B00757,V14,Pro-tray,2024-06-06,2024-07-01,20166,17905,15980,1925,0.888,18149.4,5013.4
B00758,V14,Pro-tray,2024-07-07,2024-08-01,28295,26767,22800,3967,0.946,25465.5,7494.76
B00759,V14,Pro-tray,2024-08-07,2024-09-01,33047,30815,27200,3615,0.932,29742.3,8628.2
B00760,V14,Pro-tray,2024-09-06,2024-10-01,20749,18994,17740,1254,0.915,18674.1,5318.32
B00761,V14,Pro-tray,2024-10-07,2024-11-01,9484,8671,7930,741,0.914,8535.6,2427.88
B00762,V14,Pro-tray,2024-11-06,2024-12-01,1450,1368,1300,68,0.944,1305.0,383.04
B00763,V14,Pro-tray,2024-12-07,2025-01-01,4400,4057,3500,557,0.922,3960.0,1204.12
B00764,V14,Pro-tray,2025-01-07,2025-02-01,1835,1620,1440,180,0.883,1651.5,480.82
B00765,V14,Pro-tray,2025-02-04,2025-03-01,3975,3648,3450,198,0.918,3577.5,1082.73
B00766,V14,Pro-tray,2025-03-07,2025-04-01,8674,8060,7300,760,0.929,7806.6,2392.21
B00767,V14,Pro-tray,2025-04-06,2025-05-01,4874,4440,4200,240,0.911,4386.6,1317.79
B00768,V14,Pro-tray,2025-05-07,2025-06-01,26009,23603,22200,1403,0.908,23408.1,7005.37
B00769,V14,Pro-tray,2025-06-06,2025-07-01,37115,34526,29980,4546,0.93,33403.5,10247.32
B00770,V14,Pro-tray,2025-07-07,2025-08-01,30256,26972,25330,1642,0.891,27230.4,8005.29
B00771,V14,Pro-tray,2025-08-07,2025-09-01,19683,18656,16830,1826,0.948,17714.7,5537.1
B00772,V14,Pro-tray,2025-09-06,2025-10-01,33191,30922,28640,2282,0.932,29871.9,9177.65
B00773,V14,Pro-tray,2025-10-07,2025-11-01,24095,21476,19700,1776,0.891,21685.5,6374.08
B00774,V14,Pro-tray,2025-11-06,2025-12-01,11161,10405,9300,1105,0.932,10044.9,3088.2
B00775,V14,Pro-tray,2025-12-07,2026-01-01,6835,6414,6100,314,0.938,6151.5,2011.43
B00776,V14,Pro-tray,2026-01-07,2026-02-01,10076,9254,8370,884,0.918,9068.4,2902.05
B00777,V14,Pro-tray,2026-02-04,2026-03-01,15377,13706,12500,1206,0.891,13839.3,4298.2
B00778,V14,Pro-tray,2026-03-07,2026-04-01,7821,7151,6500,651,0.914,7038.9,2242.55
B00779,V14,Pro-tray,2026-04-06,2026-05-01,8718,8226,7490,736,0.944,7846.2,2579.67
B00780,V14,Pro-tray,2026-05-07,2026-06-01,23530,22147,19670,2477,0.941,21177.0,6945.3
B00781,V14,Pro-tray,2026-06-06,2026-07-01,74294,69629,61790,7839,0.937,66864.6,21835.65
B00782,V14,Pro-tray,2026-07-07,2026-08-01,57906,54115,50190,3925,0.935,52115.4,16970.46
B00783,V15,Nursery bed,2024-05-07,2024-06-01,5395,3955,3500,455,0.733,4316.0,316.4
B00784,V15,Nursery bed,2024-06-06,2024-07-01,16158,12218,11000,1218,0.756,12926.4,977.44
B00785,V15,Nursery bed,2024-07-07,2024-08-01,13833,10427,9200,1227,0.754,11066.4,834.16
B00786,V15,Nursery bed,2024-08-07,2024-09-01,4211,3459,3100,359,0.822,3368.8,276.72
B00787,V15,Nursery bed,2024-09-06,2024-10-01,4102,3163,2800,363,0.771,3281.6,253.04
B00788,V15,Nursery bed,2024-11-06,2024-12-01,6497,5446,5000,446,0.838,5197.6,435.68
B00789,V15,Nursery bed,2025-01-07,2025-02-01,6091,4499,4000,499,0.739,4872.8,381.52
B00790,V15,Nursery bed,2025-05-07,2025-06-01,2439,1905,1700,205,0.781,1951.2,161.54
B00791,V15,Nursery bed,2025-06-06,2025-07-01,34853,27320,24200,3120,0.784,27882.4,2316.74
B00792,V15,Nursery bed,2025-07-07,2025-08-01,28680,24473,22700,1773,0.853,22944.0,2075.31
B00793,V15,Nursery bed,2025-08-07,2025-09-01,6729,5073,4300,773,0.754,5383.2,430.19
B00794,V15,Nursery bed,2025-09-06,2025-10-01,8159,6993,6300,693,0.857,6527.2,593.01
B00795,V15,Nursery bed,2025-10-07,2025-11-01,24255,19100,17000,2100,0.787,19404.0,1619.68
B00796,V15,Nursery bed,2025-11-06,2025-12-01,7029,5608,4900,708,0.798,5623.2,475.56
B00797,V15,Nursery bed,2025-12-07,2026-01-01,4909,3895,3400,495,0.794,3927.2,348.99
B00798,V15,Nursery bed,2026-03-07,2026-04-01,2779,2299,2100,199,0.828,2223.2,205.99
B00799,V15,Nursery bed,2026-04-06,2026-05-01,4938,4034,3600,434,0.817,3950.4,361.45
B00800,V15,Nursery bed,2026-05-07,2026-06-01,6956,5939,5300,639,0.854,5564.8,532.13
B00801,V15,Nursery bed,2026-06-06,2026-07-01,12327,10222,9600,622,0.829,9861.6,915.89
B00802,V15,Nursery bed,2026-07-07,2026-08-01,5651,4578,4300,278,0.81,4520.8,410.19
B00803,V15,Pro-tray,2023-12-07,2024-01-01,4244,3933,3600,333,0.927,3395.2,1101.24
B00804,V15,Pro-tray,2024-01-07,2024-02-01,11611,10733,9700,1033,0.924,9288.8,3005.24
B00805,V15,Pro-tray,2024-02-05,2024-03-01,9667,9061,8500,561,0.937,7733.6,2537.08
B00806,V15,Pro-tray,2024-03-07,2024-04-01,2465,2211,2000,211,0.897,1972.0,619.08
B00807,V15,Pro-tray,2024-04-06,2024-05-01,8805,7964,7500,464,0.905,7044.0,2229.92
B00808,V15,Pro-tray,2024-05-07,2024-06-01,11715,10662,9480,1182,0.91,9372.0,2985.36
B00809,V15,Pro-tray,2024-06-06,2024-07-01,34851,32458,30170,2288,0.931,27880.8,9088.24
B00810,V15,Pro-tray,2024-07-07,2024-08-01,16001,14398,12990,1408,0.9,12800.8,4031.44
B00811,V15,Pro-tray,2024-08-07,2024-09-01,15125,14198,12920,1278,0.939,12100.0,3975.44
B00812,V15,Pro-tray,2024-09-06,2024-10-01,18661,17369,14910,2459,0.931,14928.8,4863.32
B00813,V15,Pro-tray,2024-10-07,2024-11-01,23995,21425,18900,2525,0.893,19196.0,5999.0
B00814,V15,Pro-tray,2024-12-07,2025-01-01,12933,11540,10000,1540,0.892,10346.4,3425.07
B00815,V15,Pro-tray,2025-01-07,2025-02-01,12241,11081,9800,1281,0.905,9792.8,3288.84
B00816,V15,Pro-tray,2025-02-04,2025-03-01,7642,7220,6670,550,0.945,6113.6,2142.9
B00817,V15,Pro-tray,2025-03-07,2025-04-01,5941,5492,4900,592,0.924,4752.8,1630.03
B00818,V15,Pro-tray,2025-04-06,2025-05-01,1608,1489,1400,89,0.926,1286.4,441.94
B00819,V15,Pro-tray,2025-05-07,2025-06-01,13037,11565,9970,1595,0.887,10429.6,3432.49
B00820,V15,Pro-tray,2025-06-06,2025-07-01,31117,28007,24600,3407,0.9,24893.6,8312.48
B00821,V15,Pro-tray,2025-07-07,2025-08-01,34860,32368,30130,2238,0.929,27888.0,9606.82
B00822,V15,Pro-tray,2025-08-07,2025-09-01,28021,25447,23890,1557,0.908,22416.8,7552.67
B00823,V15,Pro-tray,2025-09-06,2025-10-01,39382,34955,30000,4955,0.888,31505.6,10374.64
B00824,V15,Pro-tray,2025-10-07,2025-11-01,7910,7320,6700,620,0.925,6328.0,2172.58
B00825,V15,Pro-tray,2025-11-06,2025-12-01,160,147,130,17,0.919,128.0,43.63
B00826,V15,Pro-tray,2025-12-07,2026-01-01,10149,8944,8170,774,0.881,8119.2,2804.84
B00827,V15,Pro-tray,2026-01-07,2026-02-01,11555,10631,9700,931,0.92,9244.0,3333.88
B00828,V15,Pro-tray,2026-02-04,2026-03-01,4195,3777,3400,377,0.9,3356.0,1184.47
B00829,V15,Pro-tray,2026-03-07,2026-04-01,5046,4699,4100,599,0.931,4036.8,1473.61
B00830,V15,Pro-tray,2026-04-06,2026-05-01,7676,7073,6150,923,0.922,6140.8,2218.09
B00831,V15,Pro-tray,2026-05-07,2026-06-01,45880,40832,38140,2692,0.89,36704.0,12804.92
B00832,V15,Pro-tray,2026-06-06,2026-07-01,51938,48470,44650,3820,0.933,41550.4,15200.19
B00833,V15,Pro-tray,2026-07-07,2026-08-01,63460,56731,53270,3461,0.894,50768.0,17790.84
B00834,V16,Nursery bed,2024-04-14,2024-06-01,88926,69480,62000,7480,0.781,177.85,5558.4
B00835,V16,Nursery bed,2024-05-14,2024-07-01,699778,531574,484800,46774,0.76,1399.56,42525.92
B00836,V16,Nursery bed,2024-06-14,2024-08-01,2584486,2210559,2040200,170359,0.855,5168.97,176844.72
B00837,V16,Nursery bed,2024-07-15,2024-09-01,2648903,2059774,1876700,183074,0.778,5297.81,164781.92
B00838,V16,Nursery bed,2024-08-14,2024-10-01,293626,234815,202900,31915,0.8,587.25,18785.2
B00839,V16,Nursery bed,2025-04-14,2025-06-01,130219,110382,100100,10282,0.848,260.44,9360.39
B00840,V16,Nursery bed,2025-05-14,2025-07-01,1608616,1252278,1113500,138778,0.778,3217.23,106193.17
B00841,V16,Nursery bed,2025-06-14,2025-08-01,2946846,2487081,2345400,141681,0.844,5893.69,210904.47
B00842,V16,Nursery bed,2025-07-15,2025-09-01,2114866,1810679,1574700,235979,0.856,4229.73,153545.58
B00843,V16,Nursery bed,2025-08-14,2025-10-01,416341,326444,289000,37444,0.784,832.68,27682.45
B00844,V16,Nursery bed,2026-04-14,2026-06-01,310174,265142,246400,18742,0.855,620.35,23756.72
B00845,V16,Nursery bed,2026-05-14,2026-07-01,1547514,1318251,1227100,91151,0.852,3095.03,118115.29
B00846,V16,Nursery bed,2026-06-14,2026-08-01,2423044,2071102,1969000,102102,0.855,4846.09,185570.74
